Player,Min,Sh,Ast,Gls
Max Aarons,86,0,0,0
Max Aarons,120,0,0,0
Rodrigo Abajas,65,1,0,0
James Abankwah,88,1,0,0
Keyliane Abdallah,3,0,0,0
Yunis Abdelhamid,1033,2,0,0
Himad Abdelli,2842,35,1,6
Mohamed Abdelmoneim,855,0,0,0
Ali Abdi,1393,29,2,5
Saud Abdulhamid,205,1,1,0
Abel,2074,12,0,2
Nabil Aberdin,263,2,0,0
Oliver Abildgaard,7,0,0,0
Matthis Abline,2768,73,2,9
Abner,1090,7,1,1
Zakaria Aboukhlal,1901,62,2,7
Abdel Abqar,2463,12,1,0
Tammy Abraham,1,0,0,0
Tammy Abraham,1183,26,4,3
Federico Accornero,5,0,0,0
Francesco Acerbi,1710,5,1,0
Joshua Acheampong,170,2,0,0
Akor Adams,134,2,0,0
Akor Adams,1075,26,1,3
Che Adams,2652,63,3,9
Tyler Adams,1965,9,3,0
Junior Adamu,1545,36,2,2
Tosin Adarabioyo,1409,13,1,1
Martin Adeline,26,0,0,0
Karim Adeyemi,1433,46,6,7
Simon Adingra,1097,33,2,2
Amine Adli,766,20,0,2
Yacine Adli,1219,14,6,4
Adrián,1710,0,0,0
Adryelson,1,0,0,0
Vasilije Adžić,42,1,0,0
Michel Aebischer,724,10,0,0
Oladapo Afolayan,1639,38,1,3
Emmanuel Agbadou,1410,7,0,1
Emmanuel Agbadou,1260,15,0,0
Asher Agbinone,6,1,0,0
Jeremy Agbonifo,300,6,0,1
Julen Agirrezabala,1206,0,0,0
Lucien Agoume,2114,10,3,1
Felix Agu,1751,9,0,3
Álvaro Aguado,443,10,1,0
Lorenzo Aguado,5,0,0,0
Nayef Aguerd,1760,15,0,0
Ruben Aguilar,1124,11,2,1
Naouirou Ahamada,58,1,0,0
Honest Ahanor,270,3,0,0
Erik Ahlstrand,43,0,0,0
Jean-Eudes Aholou,1959,27,0,2
Joseph Aidoo,583,1,0,0
Joseph Aidoo,2,0,0,0
Ayman Aiki,127,3,0,0
Ola Aina,2995,11,1,2
Rayan Aït-Nouri,3109,36,7,4
Junior Ajayi,13,0,0,0
Kristoffer Ajer,1438,9,0,0
Ludovic Ajorque,2495,53,2,13
Manuel Akanji,2014,15,0,0
Ümit Akdag,500,2,0,0
Nathan Aké,678,3,0,0
Ilias Akhomach,584,17,0,1
Sergio Akieme,2523,26,3,2
Maghnes Akliouche,2406,61,10,5
Paul Akouokou,19,0,0,0
Clément Akpa,2486,6,1,0
Jean-Daniel Akpa-Akpro,966,4,0,0
David Akpan Ankeye,45,0,0,0
Kevin Akpoguma,2220,5,0,0
Chuba Akpom,639,18,1,3
David Alaba,317,0,0,0
Ibrahim Alani,160,1,0,0
Andreas Albers,62,3,0,1
Raúl Albiol,1188,2,0,0
Carlos Alcaraz,10,1,0,0
Carlos Alcaraz,764,26,3,2
Omar Alderete,2971,38,0,1
Carles Aleñá,452,5,0,0
Carles Aleñá,1090,15,2,0
Ben Alexander Voll,91,0,0,0
Trent Alexander-Arnold,2365,45,6,3
Alfon,1371,46,2,5
Mohamed Ali Cho,1621,36,4,3
Faride Alidou,71,1,0,0
Alisson,2508,0,0,0
Tadeo Allende,2,0,0,0
Jim Allevinah,1750,35,3,1
Dele Alli,9,0,0,0
Thiago Almada,951,23,4,1
Domingos André Ribeiro Almeida,1977,18,4,0
Iker Almena,48,1,1,0
Miguel Almirón,157,6,0,0
Pontus Almqvist,1112,26,1,1
Marcos Alonso,2647,31,0,3
Giorgio Altare,753,3,0,0
Adrià Altimira,1630,7,0,0
Sergi Altimira,1972,21,1,0
Olabade Aluko,2,0,0,0
Edson Álvarez,1772,12,1,0
Hugo Álvarez,1572,25,3,4
Julián Álvarez,2509,70,4,17
Yeray Álvarez,1781,9,0,1
Skelly Alvero,236,1,0,0
Will Alves,1,0,0,0
Selim Amallah,1376,21,1,3
Harry Amass,346,3,0,0
Amath,375,5,1,0
Jordan Amavi,790,8,0,0
Aurele Amenda,96,0,0,0
Kelvin Amian,2165,7,0,1
Michael Amir Murillo,2437,13,3,1
Nadiem Amiri,2473,60,5,7
Samuel Amo-Ameyaw,28,1,0,0
Samuel Amo-Ameyaw,320,9,0,2
Mathis Amougou,8,0,0,0
Mathis Amougou,859,7,0,0
Mohamed Amoura,2467,73,9,10
Sofyan Amrabat,180,0,0,0
Joachim Andersen,90,1,0,0
Joachim Andersen,2583,19,0,0
Elliot Anderson,2728,40,6,2
André,2472,10,0,0
Benjamin André,2692,16,3,0
Marcos André,1188,22,2,1
Robert Andrich,1598,21,2,2
Angeliño,3177,24,1,2
Lorenzo Anghelè,6,0,0,0
Faustino Anjorin,1114,23,3,2
Waldemar Anton,1949,19,2,2
Leandro Antonetti,28,1,0,0
Kyllian Antonio,139,1,0,0
Michail Antonio,836,19,1,1
Antoniu,1022,10,1,0
Antony,141,6,0,0
Antony,1362,43,2,5
Anuar,1720,11,0,2
Dennis Appiah,2128,5,1,0
Aritz Arambarri,177,1,0,0
Mauro Arambarri,2661,53,0,10
Jon Aramburu,2460,11,1,1
Julian Araujo,497,0,0,0
Ronald Araújo,754,4,1,1
Cameron Archer,1441,28,0,2
Carlens Arcus,2047,3,1,0
Alphonse Areola,2260,0,0,0
Adu Ares,19,0,0,0
Jesús Areso,3079,8,3,0
David Argüelles,7,0,0,0
Joe Aribo,2013,17,0,3
Adam Armstrong,1248,25,2,2
Harrison Armstrong,48,1,0,0
José Arnaiz,133,6,0,0
Hákon Arnar Haraldsson,1755,35,3,5
Marko Arnautović,527,13,2,4
Maximilian Arnold,2356,27,5,3
Jann-Fiete Arp,713,20,0,2
Sergio Arribas,90,0,0,0
Kepa Arrizabalaga,2790,1,0,0
Arthur,752,1,1,0
Takuma Asano,1054,28,1,2
Raúl Asencio,1670,3,1,0
Marco Asensio,743,22,1,3
Marco Asensio,618,26,4,2
Kristjan Asllani,980,14,2,2
Iago Aspas,1745,46,5,10
Yaser Asprilla,1405,38,1,3
Lorenz Assignon,2357,22,4,3
Dehmaine Assoumani,98,3,0,0
Valentin Atangana Edoa,2854,33,0,1
Arthur Atta,1251,26,1,0
Noah Atubolu,2307,0,0,0
Emil Audero,720,0,0,0
Tommaso Augello,2713,8,7,0
Carlos Augusto,1625,24,2,3
Yann Aurel Bisseck,1553,21,2,3
Brandon Austin,90,0,0,0
Ezequiel Ávila,677,20,0,2
Taiwo Awoniyi,416,10,0,1
Yasin Ayari,1965,28,1,2
Florian Ayé,575,12,0,2
André Ayew,1453,22,1,4
Jordan Ayew,21,1,0,0
Jordan Ayew,1638,31,0,5
Neil El Aynaoui,1588,16,1,8
Ayman Azhil,24,0,0,0
Adam Aznou,876,4,0,0
Adam Aznou,17,0,0,0
César Azpilicueta,875,5,0,1
Paulo Azzi,426,8,0,0
Oussama El Azzouzi,19,0,0,0
Papa Ba,48,1,0,0
Shavy Babicka,1186,20,2,4
Jacopo Bacci,31,0,0,0
Aliou Badara Baldé,91,4,0,0
Loïc Bade,2686,13,1,1
Milan Badelj,1472,14,0,1
Benoît Badiashile,334,0,0,0
Alex Baena,2595,69,9,7
Juma Bah,864,3,0,0
Juma Bah,686,2,0,0
Leon Bailey,1139,28,2,1
Eric Bailly,617,4,0,0
Theo Bair,939,26,1,2
Stefan Bajcetic,969,5,0,1
Cédric Bakambu,710,24,2,2
Mitchel Bakker,22,0,0,0
Mitchel Bakker,1139,23,2,3
Darryl Bakola,14,0,0,0
Ridle Baku,1170,18,1,2
Ridle Baku,1275,17,3,2
Dilane Bakwa,2497,52,8,6
Tommaso Baldanzi,832,20,1,1
Alejandro Balde,2284,12,4,0
Keita Baldé,638,14,0,2
Carlos Baleba,2661,44,1,3
Leonardo Balerdi,2273,15,0,0
Iván Balliu,1200,1,0,0
Fodé Ballo-Touré,589,0,0,0
Botond Balogh,2053,3,1,0
Folarin Balogun,615,31,0,4
Mario Balotelli,62,2,0,0
Abdoulaye Bamba,1510,1,0,0
Jonathan Bamba,811,13,1,0
Mohamed Bamba,10,0,0,0
Samuel Bamba,27,2,0,0
Lameck Banda,610,17,1,0
Daniel Bandeira,407,2,0,0
Mattia Bani,1507,8,0,0
Noahkai Banks,278,1,0,0
Scott Banks,116,3,0,0
Adrian Baquerin,49,3,0,0
Antonín Barák,54,2,0,0
Federico Barba,431,2,0,0
Valentín Barco,288,7,0,0
Valentín Barco,1157,10,2,0
Bradley Barcola,2181,74,10,14
Melvin Bard,1938,23,1,2
Nicolò Barella,2456,42,6,3
Gabriel Bares,56,0,0,0
Borna Barišić,9,0,0,0
Téo Barisic,2,0,0,0
Kike Barja,315,4,1,0
Ross Barkley,581,16,1,3
Aymen Barkok,73,0,0,0
Harvey Barnes,1755,63,4,9
Enzo Barrenechea,2191,16,2,1
Ander Barrenetxea,1263,25,3,1
Pablo Barrios,2330,29,4,1
Thierno Barry,2323,71,4,11
Davide Bartesaghi,118,1,0,0
Marc Bartra,2099,18,1,2
Federico Baschirotto,3420,22,0,2
Daniele Baselli,22,0,0,0
Calvin Bassey,3074,14,0,1
Aboubacar Bassinga,4,0,0,0
Alessandro Bastoni,2333,12,5,1
Augusto Batalla,2880,0,0,0
Michy Batshuayi,300,5,0,3
Dylan Batubinsika,2016,7,0,1
Maximilian Bauer,658,1,0,0
Oliver Baumann,2520,0,0,0
Christoph Baumgartner,1610,39,1,2
Rafael Bauza,183,3,0,0
Altay Bayındır,360,0,0,0
Ihlas Bebou,9,0,0,0
Adrian Beck,1598,39,1,4
Sheraldo Becker,995,22,1,2
Timo Becker,2445,17,2,0
Jan Bednarek,2531,5,0,2
Donny van de Beek,1421,18,2,2
Hannes Behrens,29,0,0,0
Kevin Behrens,170,9,0,1
Maximilian Beier,1591,42,5,8
Luken Beitia,8,0,0,0
Ismael Bekhoucha,69,0,0,0
Reda Belahyane,1658,6,2,0
Reda Belahyane,198,0,0,0
Haris Belkebla,1792,3,1,0
Yassin Belkhdim,1523,9,1,1
Stefan Bell,1436,12,1,0
Armel Bella Kotchap,331,1,0,0
Raoul Bellanova,87,1,0,0
Raoul Bellanova,2402,18,9,0
Jean-Ricner Bellegarde,1677,22,7,2
Héctor Bellerín,580,1,2,0
Jude Bellingham,2488,60,8,9
Jeanuël Belocian,68,0,0,0
Andrea Belotti,593,19,0,2
Fran Beltrán,2421,23,1,2
Lucas Beltrán,1864,26,4,5
Eliesse Ben Seghir,1750,58,3,6
Carlos Benavídez,487,5,1,1
Adrian Benedyczak,214,3,0,0
László Bénes,589,19,1,2
Iker Benito,37,0,0,0
Ismaël Bennacer,300,3,0,0
Ismaël Bennacer,646,3,2,0
Saïd Benrahma,735,17,3,1
Ramy Bensebaini,2022,20,6,1
Nabil Bentaleb,329,5,0,1
Rodrigo Bentancur,1645,22,0,2
Daniel Bentley,180,0,0,0
Lucas Beraldo,2011,12,0,1
Yuri Berchiche,2044,16,2,0
Álex Berenguer,2339,51,7,6
Sander Berge,2224,3,0,0
Lucas Bergvall,1212,12,1,0
Medon Berisha,716,24,1,0
Mergim Berisha,333,11,1,1
Mergim Berisha,40,3,0,0
Adrian Bernabe,1453,27,1,1
Marc Bernal,242,2,0,0
Bernardo,1782,8,0,0
Juan Bernat,212,2,1,0
Juan Bernat,699,4,1,0
Maxime Bernauer,763,2,0,0
Antoine Bernede,594,4,0,1
Alexander Bernhardsson,1263,27,2,7
Victor Bernth Kristiansen,2482,3,1,0
Matúš Bero,2565,31,2,5
Juan Berrocal,1063,4,0,0
Dimitry Bertaud,360,0,0,0
Jan-Niklas Beste,212,6,1,0
Beto,1534,49,0,8
Sam Beukema,3012,15,1,0
Alessandro Bianco,2600,26,0,1
Alessandro Bianco,18,0,0,0
Mika Biereth,1228,40,2,13
Jaka Bijol,2963,19,0,1
El Bilal Touré,356,14,1,2
Philip Billing,184,5,0,0
Philip Billing,197,6,0,1
Cristiano Biraghi,1158,10,0,0
Cristiano Biraghi,433,5,0,1
Samuele Birindelli,1468,16,0,3
Tom Bischof,2559,51,2,5
Yves Bissouma,1408,11,0,2
Leonardo Bittencourt,982,27,1,2
Emmanuel Biumla,1336,4,0,1
Marco Bizot,2880,0,0,0
Bjarki Bjarkason,165,0,0,0
Antonio Blanco,2727,25,1,0
Ludovic Blas,2293,57,8,6
Daley Blind,2780,10,2,0
Myron Boadu,1042,27,1,9
Augustine Boakye,733,24,0,3
Oscar Bobb,16,0,0,0
Mathéo Bodmer,6,0,0,0
Sacha Boey,593,3,2,0
Jeremie Boga,1054,30,2,1
Lamare Bogarde,476,1,0,0
Emil Bohinen,166,2,0,0
Adama Boiro,1101,5,0,0
Willy Boly,150,1,0,0
Moïse Bombito,2192,8,0,0
Warren Bondo,1618,13,0,0
Warren Bondo,162,1,0,0
Victor Boniface,1008,50,1,8
Kevin Bonifazi,65,0,0,0
Ange-Yoan Bonny,2529,61,4,6
Sebastiaan Bornauw,788,8,1,2
Sven Botman,412,5,0,0
Saïmon Bouabré,97,0,0,0
Ayyoub Bouaddi,1151,3,1,0
Badredine Bouanani,1099,30,3,3
Benjamin Bouchouari,1772,16,0,1
Hicham Boudaoui,2435,39,3,2
Carlo Boukhalfa,1646,21,0,2
Justin Bourgault,122,2,0,1
Benjamin Bourigeaud,80,2,0,1
Edoardo Bove,836,7,2,1
Jarrod Bowen,2973,86,8,13
Enzo Boyomo,2987,12,0,2
Enzo Boyomo,270,2,0,0
Domagoj Bradarić,1933,9,0,1
Conor Bradley,754,10,2,0
Bilal Brahimi,76,1,0,0
Julian Brandt,2303,45,10,5
Jarrad Branthwaite,2511,10,1,0
Darko Brašanac,1617,12,2,1
Lilian Brassier,779,5,0,0
Lilian Brassier,1234,14,1,1
Matthias Braunöder,268,2,0,0
Iker Bravo,682,13,1,2
James Bree,1075,4,1,0
Tim Breithaupt,120,1,1,0
Gleison Bremer,540,3,0,0
Brenner,386,7,2,1
Ben Brereton,449,11,0,0
Marco Brescianini,991,20,2,4
Maximilian Breunig,350,10,0,2
Anthony Briançon,1,0,0,0
Nathan Broadhead,702,13,0,2
Armando Broja,334,4,0,0
David Brooks,960,25,0,2
Arvid Brorsson,362,0,0,0
Moritz Broschinski,1390,38,3,1
Nathaniel Brown,1947,13,6,3
Jacob Bruun Larsen,400,14,2,2
Jacob Bruun Larsen,414,6,0,1
Tajon Buchanan,95,0,0,0
Tajon Buchanan,416,7,2,1
Ante Budimir,2952,91,4,21
Emi Buendía,98,5,0,0
Emi Buendía,257,7,0,2
Manu Bueno,140,4,0,1
Santiago Bueno,1687,6,0,0
Endika Buján,7,0,0,0
Marius Bülter,1729,37,2,7
Facundo Buonanotte,1523,36,2,5
Alessandro Buongiorno,1924,8,0,1
Cameron Burgess,1541,10,2,0
Jonathan Burkardt,2109,70,2,18
Oliver Burke,908,35,0,5
Dan Burn,3330,23,1,1
Rareș-Cătălin Burnete,28,1,0,0
Wes Burns,926,7,1,0
Marnon Busch,1396,13,1,0
Gianluca Busio,2518,36,0,2
Aurélio Buta,1970,8,1,0
Jean Butez,1666,0,0,0
Nathan Butler-Oyedeji,7,1,0,0
Marcin Bułka,3060,0,0,0
Pau Cabanes,163,4,0,1
Pau Cabanes,188,2,0,0
Rémy Cabella,1011,30,2,1
Leandro Cabrera,2869,19,2,4
Liberato Cacace,2230,29,4,2
Alessio Cacciamani,31,0,0,0
Anthony Caci,2684,32,7,1
Mathieu Cafaro,732,23,0,1
Moisés Caicedo,3351,20,2,1
Tom Cairney,628,11,0,2
Jens Cajuste,1959,12,1,1
Davide Calabria,632,3,1,0
Davide Calabria,316,2,0,0
Riccardo Calafiori,983,10,1,2
Luca Caldirola,876,4,0,0
Fernando Calero,715,2,0,1
Duje Ćaleta-Car,1584,11,0,1
Hakan Çalhanoğlu,1879,41,6,5
Dominic Calvert-Lewin,1609,50,1,3
Drissa Camara,447,15,0,0
Issiaga Camara,20,0,0,0
Lamine Camara,2054,26,7,2
Mahdi Camara,2659,49,3,5
Ousmane Camara,252,1,0,0
Francesco Camarda,206,8,0,0
Eduardo Camavinga,1102,8,2,1
Nicolò Cambiaghi,620,14,3,1
Andrea Cambiaso,2221,17,3,2
Axel Camblan,26,1,0,0
Sergio Camello,1134,32,2,3
José Campaña,1189,5,3,0
Thomas Campaniello,25,1,0,0
Cole Campbell,22,0,0,0
Emre Can,2105,7,0,3
Peio Canales,259,3,0,0
Matteo Cancellieri,1424,22,0,3
Fali Candé,1530,5,1,1
Antonio Candela,1008,5,1,0
Antonio Candela,906,1,0,0
Sergi Canós,370,11,1,0
Jaydee Canvot,1106,5,0,0
Pierrick Capelle,483,6,0,0
Gianluca Caprari,1651,28,2,3
Elia Caprile,1620,0,0,0
Elia Caprile,325,0,0,0
Gabin Capuano,11,0,0,0
Francesco Caputo,6,0,0,0
Maxence Caqueret,1087,8,3,2
Maxence Caqueret,573,7,0,0
Simon Cara,9,0,0,0
Andrea Carboni,2191,8,1,0
Franco Carboni,226,1,0,0
Valentin Carboni,103,2,0,0
Dani Cárdenas,540,0,0,0
Irvin Cardona,606,10,1,1
Irvin Cardona,1063,23,3,5
Marc Cardona,132,4,0,0
Sergi Cardona,2945,20,7,1
Johnny Cardoso,2144,19,1,3
Tiago Cardoso,380,0,0,0
Patrik Carlgren,417,0,0,0
Diego Carlos,830,4,0,0
José Carlos González,11,0,0,0
Carmona,2942,19,0,0
Marco Carnesecchi,3060,0,0,0
Sergio Carreira,1656,13,4,0
Dani Carvajal,609,3,0,1
Fabio Carvalho,455,12,1,2
William Carvalho,484,4,0,0
Cesare Casadei,1017,14,1,1
Marc Casado,1611,14,3,1
Nicolò Casale,900,4,1,0
Nicolò Casale,135,1,0,0
Casemiro,1494,32,0,1
Kaelan Casey,1,0,0,0
Matty Cash,2070,13,1,1
Eiran Cashin,20,0,0,0
Josué Casimir,1997,27,4,4
Federico Cassa,14,0,0,0
Cristian Cásseres Jr.,2696,17,3,1
Timothy Castagne,1649,8,1,0
Valentín Castellanos,2384,105,3,10
Jean-Charles Castelletto,2620,17,0,0
Santiago Castro,2294,62,4,8
Gaetano Castrovilli,596,6,0,0
Gaetano Castrovilli,148,2,0,0
Danilo Cataldi,1712,13,0,3
Catena,3074,20,3,1
Maximiliano Caufriez,90,0,0,0
Enzo Caumont,34,0,0,0
Dani Ceballos,1215,7,0,0
Abdoulie Ceesay,60,0,0,0
Zeki Çelik,2256,13,2,0
Fabien Centonze,265,0,0,0
Alberto Cerri,87,4,0,0
Franco Cervi,273,0,0,0
Julian Chabot,2269,19,1,3
El Chadaille Bitshiabu,1130,5,0,0
Fares Chaïbi,1013,25,3,1
Trevoh Chalobah,1060,11,0,3
Trevoh Chalobah,910,7,1,0
Timothy Chandler,24,0,0,0
Conor Chaplin,857,16,1,1
Brendan Chardonnet,2416,14,0,1
Gabriel Charpentier,271,9,2,1
Raúl Chasco,130,0,0,0
Anrie Chase,734,5,0,0
Pep Chavarría,2585,11,1,0
Arthur Chaves,2185,10,0,1
Jhoanner Chávez,596,5,0,1
Walid Cheddira,12,0,0,0
Walid Cheddira,640,13,1,1
Chema,12,0,0,0
Théo Chennahi,181,2,0,0
Sidiki Cherif,324,5,0,0
Rayan Cherki,2041,45,11,8
Youssef Chermiti,45,3,0,0
Lucas Chevalier,3060,0,0,0
Fabio Chiarodia,379,4,0,1
Julián Chicco,302,3,1,0
Leandro Chichizola,90,0,0,0
Federico Chiesa,108,5,0,0
Ben Chilwell,259,5,0,1
Chiquinho,7,0,0,0
Chiquinho,146,4,0,0
Pedro Chirivella,2348,8,2,0
Joris Chotard,1892,19,0,1
Hamza Choudhury,131,0,0,0
Andreas Christensen,254,1,0,0
Ryan Christie,2117,33,3,2
Carney Chukwuemeka,253,8,0,1
Samuel Chukwueze,925,32,2,3
Aaron Ciammaglichella,1,0,0,0
Jasper Cillessen,2335,0,0,0
Giuseppe Ciocci,9,0,0,0
Alessandro Circati,540,2,0,0
Pathé Ciss,2140,21,1,4
Alphadjo Cissè,9,2,0,0
Djaoui Cissé,1121,15,0,1
Seydouba Cissé,2435,24,1,3
Yoann Cissé,5,0,0,0
Patrick Ciurria,1111,11,1,1
Harry Clarke,379,1,0,0
Jack Clarke,1181,17,4,0
Alexis Claude-Maurice,2109,59,2,9
Jonathan Clauss,2303,26,8,3
Silvi Clúa,163,2,0,0
Nathaniel Clyne,483,2,0,0
Conor Coady,1714,2,0,1
Marcus Coco,951,2,1,0
Saúl Coco,2845,20,0,2
Séamus Coleman,215,1,0,0
Nathan Collins,3420,17,3,2
Nnamdi Collins,1489,5,1,1
Toby Collyer,179,1,0,0
Lorenzo Colombo,2233,55,2,6
Andrea Colpani,1432,35,1,2
Levi Colwill,3149,17,1,2
Florinel Coman,263,4,0,1
Kingsley Coman,1282,44,4,5
Eray Cömert,1779,9,0,0
Santi Comesaña,2560,39,2,4
Pietro Comuzzo,2110,5,0,1
Francisco Conceição,1340,40,3,3
Diego Conde,1962,0,1,0
Tomás Conechny,847,22,0,1
Alois Confais,3,0,0,0
Sirlord Conteh,892,13,1,1
Lewis Cook,2978,14,3,1
Copete,1528,6,0,0
Diego Coppola,2927,10,0,2
Francis Coquelin,224,7,1,1
Iker Córdoba,15,0,0,0
Derek Cornelius,1420,9,0,0
Maxwel Cornet,72,1,0,0
Maxwel Cornet,246,5,1,2
Pierre Cornud,576,0,0,0
Ángel Correa,805,34,1,4
Joaquín Correa,731,14,2,2
Thierry Correia,768,7,0,0
Alberto costa,357,7,1,0
Coba da Costa,1006,23,1,1
Danny da Costa,2006,5,1,0
David Costa,352,9,0,0
Logan Costa,2587,12,1,2
Logan Costa,90,0,0,0
Samu Costa,2649,30,2,0
Grégoire Coudert,180,0,0,0
Vladimír Coufal,1067,7,0,0
Lassana Coulibaly,2667,9,0,1
Lasso Coulibaly,45,3,0,1
Mamadou Coulibaly,8,1,0,0
Soumaïla Coulibaly,438,4,0,0
Tanguy Coulibaly,1485,30,0,3
Woyo Coulibaly,109,2,0,0
Woyo Coulibaly,1084,3,1,0
Marius Courcoul,309,3,0,0
Thibaut Courtois,2700,0,0,0
Yan Couto,895,6,0,0
Nicolas Cozza,2051,17,0,1
Aaron Cresswell,824,5,0,0
Charlie Cresswell,2592,32,1,3
Bryan Cristante,2045,30,2,4
Domen Črnigoj,136,1,0,0
Juan Cruz Armada,1492,4,0,0
Juan Cruz,2257,33,4,5
Juan Cuadrado,832,16,2,0
Pau Cubarsí,2618,8,3,0
Cucho,1139,43,1,5
Marc Cucurella,2988,24,1,5
Jorge Cuenca,351,1,0,0
Matheus Cunha,2597,110,6,15
Patrick Cutrone,2047,69,4,7
Tomáš Čvančara,831,24,0,2
Wylan Cyprien,28,1,0,0
Danilo D'Ambrosio,1095,9,1,0
Lucas Da Cunha,2613,37,2,3
Samuel Dahl,43,0,0,0
Finn Dahmen,1710,0,0,0
Thomas Dähne,810,0,0,0
Mahmoud Dahoud,364,7,1,1
Patson Daka,736,15,0,1
Ameen Al-Dakhil,432,1,0,0
Thijs Dallinga,1154,31,2,3
Diogo Dalot,2814,25,3,0
Mikkel Damsgaard,2911,35,10,2
Maat Daniel Caprini,7,0,0,0
Flavius Daniliuc,1004,3,0,0
Danilo,275,0,0,0
Danilo,581,1,1,0
Arnaut Danjuma,200,6,0,2
Arnaut Danjuma,1335,30,0,2
Jayden Danns,11,0,0,0
Kévin Danois,1460,17,0,0
Kevin Danso,842,7,0,0
Kevin Danso,1080,10,0,0
Dante,1964,9,0,0
Pape Daouda Diongue,78,5,0,1
Mohamed Daramy,16,1,0,0
Bence Dárdai,1304,11,1,1
Sergi Darder,2744,36,6,2
Matteo Darmian,1781,11,2,3
Lukas Daschner,412,8,1,1
Juan David Cabal,460,5,0,0
Jonathan David,2554,66,5,16
Alphonso Davies,1560,17,2,1
Ben Davies,1331,5,0,0
Keinan Davis,1066,29,1,2
Leif Davis,2743,16,2,1
Zuriko Davitashvili,2778,68,8,9
Paweł Dawidowicz,1845,4,0,0
Craig Dawson,971,5,0,0
Kevin De Bruyne,1702,57,7,4
Bobby De Cordova-Reid,744,7,2,1
Charles De Ketelaere,2070,48,7,7
Rodrigo De Paul,2106,19,5,3
Théo De Percin,180,0,0,0
Mattia De Sciglio,769,5,0,1
Lorenzo De Silvestri,1060,9,0,1
Thibault De Smet,192,1,0,0
Koni De Winter,2135,13,0,3
Amar Dedić,314,6,1,0
Alessandro Deiola,1432,18,1,2
Romain Del Castillo,1259,17,4,6
Enrico Del Prato,2947,12,0,4
Thomas Delaine,9,0,0,0
Liam Delap,2593,66,2,12
Fisayo Dele-Bashiru,947,16,1,3
Andy Delort,607,17,0,0
Olivier Deman,67,0,0,0
Ali Dembélé,388,5,0,1
Ousmane Dembélé,1730,96,6,21
Ermedin Demirović,1855,64,1,15
Sepp van den Berg,2586,20,0,0
Rémy Descamps,90,0,0,0
Arthur Desmas,1620,0,0,0
Justin Devenny,507,10,1,1
Kiernan Dewsbury-Hall,264,1,1,0
Michele Di Gregorio,2970,0,0,0
Giovanni Di Lorenzo,3330,21,2,3
Boulaye Dia,2177,39,3,9
Mouctar Diakhaby,653,11,0,2
Mamadou Diakhon,858,18,1,2
Bafodé Diakité,2766,16,1,4
Oumar Diakité,1628,26,1,4
Amad Diallo,1901,47,6,8
Assane Diao,1252,28,1,8
Assane Diao,277,7,2,1
Habib Diarra,2352,25,5,4
Moussa Diarra,1866,1,0,0
Rúben Dias,2271,21,0,0
Krépin Diatta,508,2,0,0
Kandet Diawara,4,0,0,0
Mahamadou Diawara,582,7,1,0
Mahamadou Diawara,16,0,0,0
Brahim Díaz,1385,28,2,4
Daniel Díaz,10,0,0,0
Luis Díaz,2399,71,5,13
Pedro Díaz,1211,31,0,3
Tyler Dibling,1874,28,0,2
Diego,1195,29,0,3
Justin Diehl,104,7,0,1
Bamba Dieng,532,13,0,3
Eric Dier,1463,9,1,2
Lucas Digne,2351,13,4,0
Kembo Diliwidi,4,0,0,0
Federico Dimarco,2140,55,7,4
Stole Dimitrievski,360,0,0,0
Junior Dina Ebimbe,293,8,1,0
Eren Dinkçi,1196,14,3,0
Sinaly Diomande,1945,9,2,3
Yan Diomandé,545,11,1,2
Lois Diony,21,0,0,0
Issa Diop,1339,5,0,0
Sérigné Diop,4,0,0,0
Sofiane Diop,1064,22,4,6
Andy Diouf,2225,40,2,1
Yehvann Diouf,3060,1,0,0
Assane Dioussé,663,3,0,0
Axel Disasi,490,2,0,0
Axel Disasi,364,2,0,1
Roman Dixon,90,0,0,0
Álvaro djaló,659,15,0,1
Djené,2548,6,0,0
Nasser Djiga,66,0,0,0
Berat Djimsiti,2640,20,2,1
Marko Dmitrović,2880,0,0,0
Ritsu Doan,2862,61,7,10
Dodô,3025,25,4,0
Danilho Doekhi,3060,32,1,1
Matt Doherty,2109,10,1,2
Jeremy Doku,1516,29,6,3
Marc Domenech,303,8,0,0
Álex Domínguez,19,0,0,0
Benjamín Domínguez,1281,30,2,3
Carlos Dominguez,1181,3,0,0
Israel Domínguez,18,0,0,0
Nicolás Domínguez,1963,21,1,0
Sergi Dominguez,172,0,0,0
Gianluigi Donnarumma,2091,0,0,0
Patrick Dorgu,842,10,0,0
Patrick Dorgu,1840,36,1,3
Alfie Dorrington,14,0,0,0
Niklas Dorsch,32,0,0,0
Niklas Dorsch,1335,9,2,2
Alberto Dossena,1825,12,2,0
Abdoulaye Doucouré,2564,31,2,3
Cheick Doucouré,452,7,0,0
Sékou Doucoure,12,0,0,0
Désiré Doué,1730,55,6,6
Guela Doué,2717,18,2,1
Douglas,2307,36,2,4
Ismaël Doukouré,2639,3,1,1
Issa Doumbia,939,16,0,0
Kamory Doumbia,1322,22,2,3
Amidou Doumbouya,46,0,0,0
Anastasios Douvikas,580,14,2,2
Anastasios Douvikas,700,17,1,3
Artem Dovbyk,2418,61,2,12
Flynn Downes,2151,10,0,1
Tommy Doyle,488,9,1,0
Radu Drăgușin,1252,5,0,0
Patrick Drewes,1890,0,0,0
Tim Drexler,357,2,0,0
Domingos Duarte,1859,3,0,1
Martin Dúbravka,900,0,0,0
Marvin Ducksch,2418,70,8,8
Ondrej Duda,2395,25,3,1
Duk,179,2,0,0
Denzel Dumfries,1865,36,2,7
Alfred Duncan,957,15,0,0
Lewis Dunk,2083,12,0,0
Jáder Durán,638,31,0,7
Pablo Durán,1394,26,4,4
Julien Duranville,283,5,0,0
Hugo Duro,2166,48,2,11
Jean-Kevin Duverne,537,4,0,0
Paulo Dybala,1417,47,3,6
Stefan Džodić,242,3,0,0
Adam Dźwigała,373,6,0,0
Aron Dønnum,2689,31,2,2
Enzo Ebosse,90,0,0,0
Tyronne Ebuehi,74,0,0,0
Claudio Echeverri,6,0,0,0
Ederson,2320,0,4,0
Éderson,2881,39,1,4
Noah Edjouma,171,5,0,2
George Edmundson,2,0,0,0
Odsonne Édouard,115,5,0,0
Odsonne Édouard,29,0,0,0
Samuel Edozie,65,0,0,0
Ronnie Edwards,12,0,0,0
Johannes Eggestein,1853,34,4,3
Maximilian Eggestein,2845,36,0,2
Kingsley Ehizibue,2498,14,1,0
Chidera Ejuke,966,20,1,2
Jeff Ekhator,769,10,1,1
Hugo Ekitike,2563,114,8,15
Jurgen Ekkelenkamp,1892,27,2,3
Jacques Ekomie,697,1,0,0
Emmanuel Ekong,186,4,0,0
Caleb Ekuban,555,18,3,1
Pierre Ekwah Elimby,2575,25,0,1
Anthony Elanga,2501,44,11,6
Meschak Elia,170,5,0,1
Mikael Ellertsson,2470,21,2,2
Harvey Elliott,371,17,2,1
Elif Elmas,1021,19,0,4
Elif Elmas,44,2,0,0
Aritz Elustondo,1457,4,0,0
Nico Elvedi,2135,12,1,1
Adri Embarba,1607,37,1,1
Breel Embolo,1841,51,4,6
Emanuel Emegha,2293,61,3,14
Emerson,1377,10,0,0
Yunus Emre Konak,42,1,0,0
Julio Enciso,869,32,3,2
Julio Enciso,294,20,0,0
Wataru Endo,273,0,0,0
Endrick,363,24,0,1
Yannik Engelhardt,1164,8,1,1
Arne Engels,79,3,0,0
Christian Eriksen,1061,14,2,1
Martin Erlic,334,6,0,0
Patrick Erras,832,8,0,1
Alfonso Espino,833,10,1,0
Sebastiano Esposito,2331,59,0,8
Romain Esse,138,1,1,1
Samuel Essende,1636,44,2,7
Dario Essugo,1938,23,0,1
Estanis,9,2,0,0
Nahuel Estévez,657,5,0,0
Pervis Estupiñán,2402,28,1,1
Etienne Eto'o,40,0,0,0
Karl Etta,37,2,0,1
Evanilson,2319,72,1,10
Jake Evans,24,0,0,0
Jonny Evans,315,2,0,0
Edu Expósito,1045,18,2,0
Eberechi Eze,2588,100,8,8
Abde Ezzalzouli,1984,61,2,2
Giovanni Fabbian,1023,21,1,3
Łukasz Fabiański,1160,0,0,0
Alieu Fadera,1644,28,3,1
Wout Faes,2815,12,0,1
Nicolò Fagioli,962,10,2,1
Nicolò Fagioli,571,12,0,0
Romain Faivre,899,18,2,3
Wladimiro Falcone,3420,0,0,0
Davide Faraoni,260,1,0,0
Abdul Fatawu Issahaku,579,13,2,0
Ansu Fati,233,12,0,0
Khalil Fayad,1028,17,0,0
Jacopo Fazzini,1383,27,1,4
Nabil Fekir,180,7,1,0
Mattia Felici,925,10,3,0
Luiz Felipe,122,0,0,0
João Félix,369,20,1,1
João Félix,760,29,0,2
Frank Feller,121,0,0,0
Kiko Femenía,2227,3,1,0
Evan Ferguson,156,5,0,0
Evan Ferguson,246,7,0,1
Lewis Ferguson,983,5,1,1
Zinedine Ferhat,849,12,0,2
Bruno Fernandes,3018,93,10,8
Edimilson Fernandes,1105,10,1,0
Mateus Fernandes,2909,42,4,2
Aitor Fernández,90,0,0,0
Álvaro Fernández,747,0,0,0
Enzo Fernández,2947,53,7,6
Pelayo Fernandez,98,0,0,0
Roberto Férnandez,1497,21,0,6
Valery Fernández,309,3,0,2
Matias Fernandez-Pardo,1065,23,2,4
André Ferreira,540,0,0,0
Jordan Ferri,1773,14,2,0
Daniel Fila,492,8,0,2
Karol Fila,5,0,0,0
Kilian Fischer,2297,6,0,1
Mark Flekken,3275,0,2,0
Alessandro Florenzi,5,0,0,0
Mateo Flores,153,0,0,0
Phil Foden,1777,54,2,7
Malick Fofana,1589,31,4,5
Rayan Fofana,25,0,0,0
Seko Fofana,844,24,1,1
Wesley Fofana,1172,3,0,0
Yahia Fofana,2970,0,0,0
Youssouf Fofana,2504,36,6,1
Jonas Föhrenbach,1832,8,1,0
Michael Folorunsho,650,9,0,0
Michael Folorunsho,35,1,0,0
Lamine Fomba,217,1,0,0
Carlos Forbs,239,2,0,0
Pablo Fornals,1827,23,0,2
Omari Forson,223,5,0,0
Fraser Forster,630,0,0,0
Héctor Fort,585,6,0,0
Dimitri Foulquier,2299,13,1,0
Juan Foyth,1517,17,0,1
Fran,90,0,0,0
Matheus França,55,6,0,1
Alejandro Francés,1173,6,0,0
Przemysław Frankowski,1387,14,2,4
Enric Franquesa,616,3,0,1
Ryan Fraser,306,1,0,0
Davide Frattesi,1158,26,1,5
Tyler Fredricson,165,0,0,0
Morten Frendrup,3103,30,0,2
Martin Frese,549,2,0,0
Remo Freuler,3204,17,2,1
Marco Friedl,2161,4,0,0
Marvin Friedrich,989,7,1,0
Jeremie Frimpong,2314,34,5,5
Jorge de Frutos,2495,52,3,6
Darío Fuentes,5,0,0,0
Chris Führich,1981,36,3,2
Shiō Fukuda,60,3,0,1
Angelo Fulgini,1045,26,1,1
Niclas Füllkrug,790,16,2,3
Kyogo Furuhashi,123,1,0,0
Manuel Fuster,1003,18,1,2
Matteo Gabbia,2152,14,0,2
Tommaso Gabellini,10,1,0,0
Tiago Gabriel,96,0,0,0
Alessandro Gabrielloni,142,5,1,1
Gianluca Gaetano,1009,30,4,2
Roberto Gagliardini,180,0,0,0
Cody Gakpo,1935,57,4,10
Javi Galán,1784,9,3,0
Iñigo Ruiz de Galarreta,1477,11,4,0
Conor Gallagher,1633,22,3,3
Antonino Gallo,2609,9,2,0
Gauthier Gallon,45,0,0,0
Cristian Gamboa,226,4,0,1
Idrissa Gana Gueye,3063,27,3,0
Ignatius Ganago,241,7,0,0
Silvère Ganvoula M'Boussy,326,4,0,0
Facundo Garcés,678,5,0,0
Aleix García,1455,15,4,3
Álvaro García,2559,71,5,4
Andrés García,318,2,0,0
Eric García,1566,14,3,2
Fran Garcia,2171,14,2,0
Gonzalo García,56,1,1,0
Joan García,3420,1,0,0
Pablo Garcia,38,0,0,0
Rubén García,2413,27,5,5
Ulisses Garcia,930,8,2,2
Unai García,65,0,0,0
Alejandro Garnacho,2199,84,2,6
James Garner,1594,12,1,0
Yarek Gasiorowski,947,3,0,0
Federico Gatti,2195,25,0,1
Gavi,1085,11,1,1
Paulo Gazzaniga,3195,0,0,0
Jean-Philippe Gbamin,216,2,0,0
Mory Gbane,1125,4,1,0
Yann Gboho,2333,50,4,5
David de Gea,3060,0,1,0
Viggo Gebel,14,0,0,0
Lutsharel Geertruida,1557,8,0,1
Dennis Geiger,734,5,0,0
Valentin Gendrey,180,2,0,0
Valentin Gendrey,1414,10,1,1
Denis Genreau,222,6,0,0
Tyrique George,183,3,1,1
Yannick Gerhardt,1518,15,1,1
Max Geschwill,1282,9,2,1
Daniele Ghilardi,2029,12,0,0
Lautaro Gianetti,878,2,0,1
Dimitris Giannoulis,2650,13,4,1
Morgan Gibbs-White,2803,61,8,7
Samuel Gigot,683,4,0,2
Armin Gigovic,1895,26,1,5
Bryan Gil,1721,32,3,3
Mario Gila,2741,15,0,1
Billy Gilmour,98,1,0,0
Billy Gilmour,1177,9,1,0
Benedikt Gimber,2671,14,0,0
Santiago Giménez,669,22,2,5
Gvidas Gineitis,1430,29,1,3
Matthias Ginter,2561,24,1,2
Jamie Gittens,1776,52,3,8
Serge Gnabry,1242,48,5,7
Ben Godfrey,159,0,0,0
Ben Godfrey,23,0,0,0
Martial Godo,24,0,0,0
Saba Goglichidze,2539,6,1,0
Edoardo Goldaniga,2532,12,0,1
Michael Golding,1,0,0,0
Pierluigi Gollini,630,0,0,0
Aleksandr Golovin,1153,24,0,3
André Gomes,1276,11,0,0
Angel Gomes,736,8,1,1
João Gomes,2974,35,1,3
Rodrigo Gomes,810,7,0,2
Toti Gomes,2614,7,1,0
Carlos Gómez,381,9,0,3
Dani Gómez,532,14,0,2
Diego Gómez,516,9,0,1
Joe Gomez,519,3,0,0
Moi Gómez,796,6,0,0
Sergi Gómez,664,2,0,0
Sergio Gómez,2738,18,5,2
Unai Gómez,1284,19,3,1
Tidiam Gomis,152,5,1,0
Fabio González,53,2,0,0
Nicolás González,760,9,0,1
Nicolás González,1750,45,2,3
Peter González,477,12,0,0
Urko González,1374,4,2,0
Urko González,45,0,0,0
Anthony Gordon,2434,57,5,6
Leon Goretzka,1325,32,1,4
Mathieu Gorgelin,1440,0,0,0
Andoni Gorosabel,1485,2,2,0
Robin Gosens,2434,23,5,5
Robin Gosens,90,1,0,0
Mario Götze,1542,8,2,3
Amine Gouiri,1048,51,3,10
Amine Gouiri,1037,31,2,3
Lucas Gourna-Douath,229,3,0,0
Jeffrey Gouweleeuw,2944,17,4,1
Kamil Grabara,2585,0,0,0
Jonathan Gradit,2112,16,0,0
José Gragera,569,2,0,0
Samuel Grandsir,84,0,0,0
Alberto Grassi,2203,11,0,1
Ryan Gravenberch,3160,20,4,0
Archie Gray,1751,1,0,0
Jack Grealish,721,15,1,1
Jacob Greaves,2205,10,0,1
Mason Greenwood,2804,111,5,21
Michael Gregoritsch,639,16,1,2
Dominik Greif,2790,0,0,0
Antoine Griezmann,2469,48,7,8
Vincenzo Grifo,2432,63,11,8
Florian Grillitsch,623,3,0,0
Florian Grillitsch,601,6,0,0
Álex Grimaldo,2636,44,7,2
Pascal Groß,2327,27,9,0
Brajan Gruda,687,11,4,1
Marco Grüll,1181,25,1,6
Albert Grønbaek,143,2,0,0
Albert Grønbaek,813,22,1,2
Vicente Guaita,3060,0,0,0
Sergi Guardiola,362,11,0,0
Nemanja Gudelj,2493,22,1,1
Gabriel Gudmundsson,1785,18,0,2
Gonçalo Guedes,995,27,4,2
Axel Gueguin,23,0,0,0
Marc Guéhi,3059,15,2,3
Mattéo Guendouzi,3270,27,3,1
Javier Guerra,2581,47,3,3
Raphaël Guerreiro,1572,21,4,4
Evann Guessand,2565,63,8,12
Ander Guevara,1947,12,1,0
Pape Gueye,2224,55,0,4
Morgan Guilavogui,1807,41,2,6
Frederic Guilbert,2435,11,1,0
Luis Guilherme,150,4,0,0
Hugo Guillamón,364,2,0,0
Bruno Guimarães,3271,45,6,5
Carlos Guirao,110,0,0,0
Bahereba Guirassy,348,7,0,2
Serhou Guirassy,2598,86,4,21
Marc Guiu,73,0,0,0
Péter Gulácsi,2631,0,0,0
Arda Güler,1250,39,4,3
Gerard Gumbau,849,13,1,0
Robert Gumny,271,4,0,0
İlkay Gündoğan,2223,27,6,1
Christian Günter,2314,21,2,2
Jon Guridi,2080,23,1,3
Gorka Guruzeta,1840,59,2,7
Malo Gusto,1862,22,1,0
Miguel Gutiérrez,2458,28,5,1
Albert Guðmundsson,1273,25,1,6
Joško Gvardiol,3277,40,0,5
Emmanuel Gyasi,3217,22,1,2
Christian Gytkjær,754,16,1,2
Erling Haaland,2736,104,3,22
Nicolas Haas,287,1,0,0
Janik Haberer,1696,15,0,0
Robin Hack,2172,59,7,4
Saad El Haddad,30,0,0,0
Munir El Haddadi,862,21,0,4
Amadou Haidara,1320,18,1,0
Massadio Haïdara,1678,10,0,0
Antoine Hainaut,1206,6,0,2
Mohamed Haj,453,7,2,1
Achraf Hakimi,2066,32,6,4
Lewis Hall,2189,11,4,0
Sébastien Haller,404,4,0,0
Ali Al Hamadi,134,4,0,0
Andreas Hanche-Olsen,1284,12,1,1
Florent Hanin,2672,11,2,1
Ridgeciano Haps,1369,15,1,1
Amine Harit,519,8,4,2
Marcus Harness,45,0,0,0
Phil Harres,1544,37,1,8
Jack Harrison,2076,29,0,1
Abdou Harroui,463,15,2,1
Taylor Harwood-Bellis,2825,20,0,1
Hans Hateboer,1684,8,0,0
Kjetil Haug,498,0,0,0
Kai Havertz,1875,53,3,9
Ayden Heaven,170,2,0,0
Jan Paul van Hecke,2958,17,1,1
Hwang Hee-chan,661,5,0,2
Dean Henderson,3420,1,0,0
Liam Henderson,2337,22,4,0
Ramon Hendriks,1154,5,1,0
Paul Hennrich,12,0,0,0
Benjamin Henrichs,935,11,2,0
Henrique,352,1,0,0
Luis Henrique,2613,30,7,7
Rico Henry,99,0,0,0
Mads Hermansen,2385,0,0,0
Mario Hermoso,251,1,0,0
Mario Hermoso,293,4,0,0
Javi Hernández,2389,17,1,2
Aridane Hernández,1025,8,0,0
Lucas Hernández,877,3,0,0
Theo Hernández,2696,43,3,4
Hernani,1327,17,3,3
Jorge Herrando,1366,12,0,1
Ander Herrera,273,7,0,0
Sergio Herrera,3330,0,0,0
Yangel Herrera,2257,39,3,4
Juan Herzog,1315,12,0,0
Son Heung-min,2110,55,9,7
Isak Hien,2327,8,0,0
Omar El Hilali,3153,2,2,0
James Hill,448,6,1,0
Piero Hincapié,2670,22,2,2
Roger Hinojo,9,0,0,0
Jack Hinshelwood,1842,18,2,5
George Hirst,661,14,1,3
Adam Hložek,1871,59,4,8
Ki-Jana Hoever,2124,10,2,1
Nicolas Höfler,794,4,0,0
Jonas Hofmann,356,9,1,2
Philipp Hofmann,2277,54,3,3
Lucas Höler,1867,34,4,6
Mason Holgate,6,0,0,0
Benedict Hollerbach,2540,76,1,9
Emil Holm,1137,10,1,1
Lewis Holtby,1238,7,1,0
Gerrit Holtmann,1136,31,1,2
Franck Honorat,1439,31,7,4
Mathias Honsak,1181,29,1,5
Dinko Horkaš,1085,0,0,0
Timo Horn,1170,0,0,0
Cédric Hountondji,270,0,0,0
Ilyes Housni,230,5,0,0
Harry Howell,7,0,0,0
Lukáš Hrádecký,2610,0,0,0
Robin Hranáč,219,0,0,0
Callum Hudson-Odoi,2194,37,2,5
Will Hughes,2108,22,3,0
Dean Huijsen,2427,18,2,3
Mats Hummels,915,8,0,0
Omari Hutchinson,2583,45,2,3
Elseid Hysaj,424,2,3,0
Hong Hyunseok,530,5,1,0
Pierre Højbjerg,2664,33,4,2
Oscar Højlund,722,6,0,1
Rasmus Højlund,2004,32,0,4
Pablo Ibáñez,1294,20,1,1
Hafiz Ibrahim,391,7,1,0
Arijon Ibrahimović,8,2,0,0
Arijon Ibrahimović,1,0,0,0
Stanis Idumbo,284,4,1,1
Jay Idzes,3127,15,0,1
Iglesias,2888,21,1,0
Borja Iglesias,1952,46,3,11
Igor,961,1,0,0
Kelechi Iheanacho,400,9,0,0
Jonathan Ikone,540,16,0,2
Jonathan Ikone,334,9,0,0
George Ilenikhena,717,21,2,3
Andrej Ilic,937,27,0,7
Ivan Ilić,920,11,0,1
Rareş Ilie,13,1,0,0
Samuel Iling-Junior,118,4,0,1
Danny Ings,284,14,2,1
Alessio Iovine,387,1,0,0
Tim Iroegbunam,574,5,1,0
Jackson Irvine,2610,41,6,0
Andy Irving,166,4,0,0
Alexander Isak,2756,95,6,23
Gustav Isaksen,2210,54,2,4
Isco,1547,38,8,9
Ismaily,904,10,1,0
Ardian Ismajli,2508,5,0,0
Yanis Issoufou,77,2,0,0
Ko Itakura,2790,21,0,3
Hiroki Ito,250,1,0,1
Junya Ito,2690,31,3,4
Diego Iturralde,37,1,0,0
Marko Ivezić,1657,7,0,0
Alex Iwobi,2981,68,6,9
Armando Izzo,2435,6,1,1
Fellipe Jack,171,0,0,0
Nicolas Jackson,2220,76,5,10
Jérémy Jacquet,927,8,1,0
Lee Jae-sung,2650,40,6,7
Ivan Jaime Pajuelo,297,8,0,0
Kristijan Jakić,2306,18,1,0
Karl Jakob Hein,2790,0,0,0
Ismail Jakobs,180,0,0,0
Jordan James,1178,17,1,0
Reece James,1063,11,1,1
Vitaly Janelt,2254,14,3,1
Adnan Januzaj,598,16,1,2
Luca Jaquez,253,1,0,0
Vitezslav Jaros,12,0,0,0
Ali Jasim,10,0,0,0
Mikel Jauregizar,2244,21,1,2
Dominik Javorček,386,1,2,0
Gaby Jean,1388,1,0,0
Daniel Jebbison,119,5,0,1
Finn Jeltsch,780,2,0,0
Malcolm Jeng,107,0,0,0
Fredrik Jensen,763,11,0,0
Mathias Jensen,862,6,2,0
Moritz Jenz,1600,10,0,0
Gabriel Jesus,608,20,0,3
Juan Jesus,1074,3,1,0
Alejandro Jiménez,1266,15,1,0
Raúl Jiménez,2494,93,3,12
Kim Jisoo,30,0,0,0
João Pedro,1948,42,6,10
John Joe,48,2,0,0
John Joe,545,8,0,0
Joelinton,2393,45,3,4
Jofre,2165,40,3,3
Þórir Jóhann Helgason,1156,16,4,0
Carl Johansson,568,1,0,0
Ben Johnson,1354,7,2,1
Brennan Johnson,2177,54,3,11
Karl-Johan Johnsson,270,0,0,0
Sam Johnstone,630,0,0,0
Paul Joly,1009,10,1,0
Curtis Jones,1712,34,3,3
Frenkie de Jong,1143,5,2,2
Joan Jordán,1414,13,2,5
Jorginho,704,2,0,0
Jesse Joronen,703,0,0,0
Jota,334,4,0,1
Diogo Jota,1196,51,3,6
Antoine Joujou,943,11,2,0
Luka Jović,557,11,0,2
Juanmi,696,13,0,0
Juanmi,244,6,0,0
Juanpe,727,2,0,0
Jubal,2640,26,0,6
Anthony Jung,1898,1,0,0
Luiz Lúcio Reis Júnior,1458,0,0,0
Hamed Junior Traorè,2093,68,2,10
Vinicius Júnior,2253,78,8,11
Josip Juranović,1159,6,1,0
David Jurásek,619,5,1,0
Stanko Jurić,1729,8,0,0
James Justin,2912,25,2,2
Filip Jørgensen,540,0,0,0
Mohamed Kaba,452,4,0,0
Yusuf Kabadayı,71,4,0,1
Almugera Kabar,137,0,0,0
Christian Kabasele,1161,15,0,2
Issa Kaboré,308,7,0,0
Yaya Kader Fofana,634,13,1,1
Pavel Kadeřábek,1576,14,0,2
Tino Kadewere,512,8,2,1
Ferdi Kadioglu,385,4,0,1
Arnaud Kalimuendo,2578,68,3,17
Pierre Kalulu,2337,7,0,1
Justin-Noël Kalumba,31,1,0,0
Daichi Kamada,1564,20,0,0
Waren Kamanzi,1022,7,1,1
Boubacar Kamara,1726,10,0,1
Glen Kamara,662,1,1,0
Hassane Kamara,2001,17,4,1
Noham Kamara,76,0,0,0
Willy Kambwala,1117,4,0,0
Jakub Kamiński,1130,15,2,0
Kevin Kampl,1593,7,0,1
Nordine Kandil,10,0,0,0
Harry Kane,2381,105,9,26
Lee Kang-in,1663,41,6,6
Yann Karamoh,1046,25,1,0
Atakan Karazor,2618,14,4,2
Jesper Karlsson,298,6,0,1
Jesper Karlsson,495,9,0,1
Jesper Karlström,3186,13,3,0
Lior Kasa,230,5,0,0
Grigoris Kastanos,872,22,1,1
Mikkel Kaufmann,372,3,0,0
Joachim Kayi Sanda,14,0,0,0
Michael Kayode,528,2,1,0
Michael Kayode,127,1,0,0
Moise Kean,2615,98,3,17
Michael Keane,1049,10,0,3
Yassine Kechta,2096,29,0,2
Thilo Kehrer,2383,12,0,4
Abdoulaye Keita,95,2,0,0
Mandela Keita,1826,5,2,0
Yannik Keitel,270,5,0,0
Andu Kelati,288,6,1,1
Caoimhín Kelleher,900,0,0,0
Thomas Keller,148,1,0,0
Lloyd Kelly,303,3,1,0
Lloyd Kelly,1013,7,0,0
Aljoscha Kemlein,922,11,0,1
Marc-Oliver Kempf,2615,20,0,0
Kenedy,9,1,0,0
Luca Kerber,783,7,0,2
Milos Kerkez,3336,19,5,2
Reda Khadra,78,0,0,0
Bilal El Khannouss,2182,30,3,2
Wahbi Khazri,1118,36,1,1
Rani Khedira,2723,14,1,1
Abdukodir Khusanov,503,1,0,0
Abdukodir Khusanov,975,6,0,0
Kialonda,2144,16,1,0
Kiké,2542,60,0,13
Max Kilman,3348,13,1,0
Joshua Kimmich,2847,34,7,3
Presnel Kimpembe,23,0,0,0
Joshua King,130,3,0,0
Joshua King,1673,50,3,6
Tom King,1,0,0,0
Antonín Kinský,540,0,0,0
Cédric Kipré,2190,9,1,0
Jakub Kiwior,1122,3,0,1
Tim Kleindienst,2737,73,7,16
Lukas Klostermann,1838,4,0,1
Justin Kluivert,2340,57,6,12
Ansgar Knauff,1597,30,5,4
Magnus Knudsen,1850,12,1,0
Gregor Kobel,2880,0,0,0
Robin Koch,2586,15,0,3
Hervé Koffi,450,0,0,0
Magnus Kofod Andersen,695,8,1,1
Derrick Köhn,1343,13,2,2
Philipp Köhn,1710,0,0,0
Dominik Kohr,2295,13,0,2
Koka,851,20,1,3
Koke,1926,11,1,1
Sead Kolašinac,1903,10,2,0
Randal Kolo Muani,1160,25,1,8
Randal Kolo Muani,358,15,1,2
Marco Komenda,1307,3,0,0
Mert Kömür,654,13,1,2
Ibrahima Konaté,2560,19,2,1
Ismael Konate,116,3,1,0
Geoffrey Kondogbia,2020,8,0,0
Abdoul Koné,133,0,0,0
Amadou Koné,1293,14,0,0
Ismaël Koné,360,4,0,0
Ismaël Koné,469,6,1,2
Manu Koné,2572,34,1,2
Ezri Konsa,2936,11,0,2
Teun Koopmeiners,1994,42,3,3
Kacper Koscierski,7,0,0,0
Odilon Kossounou,1125,6,0,0
Christian Kouamé,622,11,1,0
Christian Kouamé,507,16,0,1
Henri Koudossou,748,2,0,0
Konstantinos Koulierakis,2468,22,2,0
Emmanuel Koum Mbondo,12,0,0,0
Jules Koundé,2605,18,3,2
Boubakar Kouyaté,756,8,0,0
Mateo Kovačić,2198,45,2,6
Viktor Kovalenko,77,3,0,0
Matej Kovar,450,0,0,0
Mateusz Kowalski,56,1,0,0
Goduine Koyalipou,885,42,0,4
Caleb Kporha,13,0,0,0
Emil Krafth,342,1,0,0
Alex Král,2714,21,1,0
Andrej Kramarić,2767,66,8,11
Frans Krätzig,1217,9,2,1
Frans Krätzig,56,0,0,0
Tom Krauß,1077,11,0,0
Ladislav Krejčí,2440,18,0,2
Rasmus Kristensen,2513,24,3,5
Thomas Kristensen,1754,4,0,1
Nikola Krstović,3057,134,5,11
Lukas Kübler,1842,18,1,5
Takefusa Kubo,2372,43,0,5
Mohammed Kudus,2590,75,3,5
Dejan Kulusevski,2389,47,4,7
Sael Kumbedi,951,4,0,0
Marash Kumbulla,2972,16,0,3
Jonah Kusi-Asare,3,1,0,0
Daler Kuzyaev,567,4,0,1
Khvicha Kvaratskhelia,1178,49,3,5
Khvicha Kvaratskhelia,916,34,3,4
Moritz-Broni Kwarteng,172,6,0,0
Giorgos Kyriakopoulos,2845,27,4,2
Luca de la Torre,4,0,0,0
Rémy Labeau Lascary,637,14,1,2
Gaëtan Laborde,1829,70,4,11
Nediljko Labrović,1350,0,0,0
Alexandre Lacazette,2051,53,2,15
Younes Lachaab,9,1,0,0
Maxence Lacroix,3116,30,1,1
Alban Lafont,1080,0,0,0
Yoel Lago,583,0,1,0
Konrad Laimer,1699,18,2,2
Stefan Lainer,757,4,0,1
Kenny Lala,2686,9,2,3
Adam Lallana,361,3,2,0
Mathis Lambourde,89,2,0,1
Mohamed Lamine Bayo,309,10,1,2
Tariq Lamptey,860,6,2,2
Will Lankshear,11,0,0,0
Gianluca Lapadula,310,15,0,0
Cyle Larin,1764,38,2,7
Gautier Larsonneur,3060,0,0,0
Hugo Larsson,2393,21,1,3
Juanmi Latasa,1398,40,0,3
Toni Lato,621,0,0,0
Roméo Lavia,797,2,1,0
Valentino Lazaro,2307,16,6,0
Darko Lazović,1459,19,3,2
Manuel Lazzari,1406,6,1,0
Julien Le Cardinal,1378,10,1,0
Jérémy Le Douaron,102,2,0,0
Enzo Le Fée,318,4,0,0
Robin Le Normand,2151,11,0,1
Nicola Leali,2610,0,0,0
Rafael Leão,2323,66,8,8
Benjamin Lecomte,2700,0,0,0
Pierre Lees-Melou,1526,22,2,2
Jordan Lefort,3060,9,1,0
Diogo Leite,2546,18,2,1
Maxim Leitsch,674,6,0,1
Florian Lejeune,3325,58,3,2
Stefan Lekovic,367,3,0,0
Iñigo Lekue,773,2,0,0
Nunzio Lella,5,0,0,0
Thomas Lemar,85,2,0,0
Félix Lemaréchal,1779,25,3,4
Mario Lemina,1364,18,3,1
Clément Lenglet,1972,10,1,2
Bernd Leno,3420,0,1,0
Donovan Léon,2880,0,2,0
Giovanni Leoni,1199,2,0,1
Esteban Lepaul,1629,41,0,9
Johann Lepenant,2048,20,1,2
Jefferson Lerma,2274,26,1,0
Louis Leroux,816,9,1,2
Robert Lewandowski,2667,111,2,27
Jamie Leweling,1663,29,2,2
Rico Lewis,1893,10,2,1
Keane Lewis-Potter,3093,28,3,1
Myles Lewis-Skelly,1369,3,0,1
Ben Lhassine Kone,51,1,0,0
Mattia Liberali,61,2,0,0
Philipp Lienhart,2770,8,0,1
Matthijs de Ligt,2123,18,0,2
Pedro Lima,70,1,0,0
Victor Lindelöf,704,0,0,0
Jesper Lindstrøm,1239,28,1,0
Karol Linetty,1540,17,0,1
Samuel Lino,1552,45,4,3
Pol Lirola,680,6,2,1
Dailon Livramento,940,13,1,1
Valentino Livramento,2840,6,1,0
Marin Ljubicic,281,2,1,1
Javier Llabrés,57,1,0,0
Diego Llorente,2519,11,0,2
Marcos Llorente,2513,16,4,2
Gautier Lloris,2768,11,1,2
Giovani Lo Celso,1457,31,3,8
Stanislav Lobotka,2636,7,1,0
Manuel Locatelli,2822,24,2,2
Bradley Locko,97,1,0,0
Ruben Loftus-Cheek,1037,9,0,0
Elysée Logbo,27,1,0,0
Enzo Loiodice,684,7,0,0
Sean Longstaff,798,6,0,0
Ademola Lookman,2247,81,5,15
Anthony Lopes,1563,0,0,0
David López,169,0,0,0
David López,2429,12,1,1
Diego López,2737,44,5,8
Fer López,671,20,0,2
Fermin López,1252,41,5,6
Javi López,1936,5,0,0
Pau López,45,0,0,0
Roberto López,396,6,1,0
Unai López,1707,26,1,3
Iker Losada,358,3,0,1
Iker Losada,336,5,0,0
Anthony Losilla,1137,5,0,0
Jordan Lotomba,35,0,0,0
Tom Louchet,775,12,0,1
Sandi Lovrić,2308,49,3,2
Pol Lozano,1943,8,1,0
Lorenzo Lucca,2353,64,1,12
Jhon Lucumí,2614,13,1,0
Yannik Lührs,127,0,0,0
José Luis Gayà,1803,12,1,0
José Luis Palomino,1081,2,0,1
Douglas Luiz,529,8,0,0
Romelu Lukaku,2843,60,10,14
Castello Lukeba,1577,4,0,0
Dodi Lukebakio,3092,93,2,11
Saša Lukić,2344,18,2,0
Milos Lukovic,12,0,0,0
Joe Lumley,270,0,0,0
Daniel Luna,20,0,0,0
Andriy Lunin,630,0,1,0
Massimo Luongo,201,0,0,0
Sebastiano Luperto,3240,21,3,1
Zito Luvumbo,1606,23,2,2
Charalambos Lykogiannis,1048,6,4,0
Senne Lynen,2733,24,1,0
Mathias Løvik,92,1,0,0
Othmane Maamma,361,10,1,1
Ian Maatsen,1139,19,2,1
Alexis Mac Allister,2599,38,5,5
Deiver Machado,1805,23,4,1
Lanroy Machine,8,1,0,0
Shuto Machino,1953,49,2,11
Darwin Machís,639,14,1,0
Yvann Macon,790,10,0,0
James Maddison,1809,39,7,9
Eros Maddy,15,0,0,0
Noni Madueke,2033,80,3,7
Pablo Maffeo,2368,7,2,0
Gabriel Magalhães,2363,22,1,3
Soungoutou Magassa,1025,8,1,0
Edmond-Paris Maghoma,119,1,0,0
Giangiacomo Magnani,1065,11,0,1
Hugo Magnetti,2323,19,0,1
Frank Magri,1516,44,1,5
Harry Maguire,1758,15,0,1
Jon Magunazelaia,7,0,0,0
Arne Maier,938,18,0,0
Mike Maignan,3294,0,0,0
Patrick Mainka,3060,25,1,1
Kobbie Mainoo,1651,15,0,0
Ainsley Maitland-Niles,1985,22,4,1
Radosław Majecki,1350,0,0,0
Lovro Majer,304,6,1,2
Hamidou Makalou,32,0,0,0
Jordy Makengo,745,0,0,0
Antoine Makoumbou,2150,7,3,0
Nikola Maksimović,581,1,0,0
Tyrell Malacia,100,0,0,0
Jarzinho Malanga,2,0,0,0
Julián Malatini,454,3,1,1
Daniel Maldini,1306,39,0,3
Daniel Maldini,258,10,0,3
Youssef Maleh,1510,17,1,0
Donyell Malen,305,15,0,3
Donyell Malen,614,19,0,3
Ruslan Malinovskyi,383,9,2,0
Lennard Maloney,760,3,0,0
Lennard Maloney,26,0,0,0
Aaron Malouda,2,0,0,0
Giorgi Mamardashvili,3060,0,0,0
Dennis Man,1995,49,4,4
Hianga Mananga Mbock,21,1,0,0
Gianluca Mancini,3143,22,0,2
Steve Mandanda,1486,0,0,0
Christos Mandas,810,0,0,0
Reinildo Mandava,941,1,0,0
Aïssa Mandi,1733,6,0,0
Rolando Mandragora,1856,37,2,4
Mateus Mane,2,0,0,0
Orel Mangala,1261,16,0,1
Orel Mangala,67,1,0,0
Ryan Manning,1462,8,1,0
Javier Manquillo,515,0,0,0
Johan Manzambi,335,11,1,2
Alberto Manzoni,6,1,0,0
Sekou Mara,768,19,1,1
Alessandro Marcandalli,46,0,0,0
Alessandro Marcandalli,354,2,0,0
Marcão,552,0,0,0
Solly March,168,2,0,0
Filip Marchwiński,15,0,0,0
Óscar de Marcos,1564,8,4,0
Alberto Marí,7,0,0,0
Pablo Marí,1628,2,0,0
Pablo Marí,1098,5,0,0
José María Giménez,1999,5,1,0
Luca Marianucci,1069,8,0,0
Mirko Marić,106,1,0,0
Mirko Marić,356,6,0,0
Arkaitz Mariezkurrena,241,10,0,2
Rafa Marín,142,2,0,0
Pablo Marín,1239,21,2,1
Răzvan Marin,1406,21,2,3
Guillermo Maripán,2340,12,1,1
Mika Mármol,2399,10,1,0
Omar Marmoush,1175,49,0,7
Omar Marmoush,1448,75,9,15
Mario Maroto,64,1,1,0
Marquinhos,1725,8,0,2
Unai Marrero,180,0,0,0
Ange Martial Tia,171,4,0,0
Aarón Martín,3085,16,8,0
Carlos Martín,1333,26,2,2
Diego Martín,40,1,0,0
Gerard Martín,1038,7,3,1
Iván Martín,2039,11,1,1
Jon Martin,904,9,1,0
Jonas Martin,496,3,0,1
Mario Martín,1748,28,1,0
Gabriel Martinelli,2290,55,4,8
Arnau Martinez,2624,19,2,2
Emiliano Martínez,3194,0,0,0
Iñigo Martínez,2490,13,4,0
Javi Martínez,6,0,0,0
Josep Martinez,450,0,0,0
Lautaro Martínez,2474,99,3,12
Lisandro Martínez,1751,17,1,2
Lucas Martínez Quarta,351,3,0,1
Ramón Martínez,261,4,0,1
Toni Martínez,1012,46,0,4
Kevin Martins,183,0,1,0
Javi Martón,53,0,0,0
Adam Marušić,2337,23,0,4
Marvin,1038,5,0,0
Omar Mascarell,1992,9,0,1
Adam Masina,1919,8,2,1
Patrizio Masini,1538,8,0,1
Giorgos Masouras,1055,30,1,2
Erhan Mašović,910,7,1,1
Han-Noah Massengo,1046,6,0,0
Clinton Mata,2370,5,4,0
Jaime Mata,656,17,0,0
Igor Matanovic,312,12,0,1
Pape Matar Sarr,1913,34,2,3
Eliot Matazo,68,0,0,0
Jean-Philippe Mateta,2648,68,2,14
Nemanja Matić,2010,2,1,0
Rudy Matondo,66,0,0,0
Chrislain Matsima,2551,14,1,1
Jean Mattéo Bahoya,921,10,3,2
Alan Matturro,900,4,0,0
Azor Matusiwa,2078,11,3,1
Neal Maupay,1042,19,4,4
Maurides,2,0,0,0
Stephy Mavididi,1615,26,1,4
Konstantinos Mavropanos,2045,18,0,0
Christian Mawissa,1501,1,0,0
Keke Maximilian Topp,252,7,2,2
Borja Mayoral,1114,19,1,5
Senny Mayulu,808,25,2,2
Noussair Mazraoui,2838,13,1,0
Andrea Mazza,8,0,0,0
Luca Mazzitelli,335,7,1,1
Pasquale Mazzocchi,702,3,0,0
Samuel Mbangula,709,9,3,3
Ethan Mbappé,222,11,0,0
Kylian Mbappé,2907,152,3,31
Ibrahim Mbaye,340,12,1,1
Bryan Mbeumo,3414,79,7,20
James Mcatee,349,12,0,3
Kasey McAteer,852,13,1,1
Oliver McBurnie,1837,32,6,3
Alex McCarthy,450,0,0,0
John McGinn,2223,31,4,1
Scott McKenna,2466,10,0,0
Weston McKennie,2310,22,4,2
Mark McKenzie,2496,8,1,1
Dwight McNeil,1371,25,6,4
Scott McTominay,19,1,0,0
Scott McTominay,2938,76,4,12
Jakov Medić,1603,14,0,1
Facundo Medina,2543,27,1,0
Ben Mee,183,0,0,0
Jayden Meghoma,5,0,0,0
Henrik Meister,63,2,0,1
Bamo Meïté,424,1,0,0
Bamo Meïté,26,0,0,0
Mohamed Meité,544,15,0,2
Mateo Mejía,11,0,0,0
Farid El Melali,1893,46,3,2
Filippo Melegoni,89,1,1,0
Arthur Melo,941,6,0,0
Nuno Mendes,1676,21,3,1
Brais Méndez,1531,28,2,3
Antoine Mendy,825,9,0,0
Ferland Mendy,1005,0,1,0
Nampalys Mendy,588,3,1,0
Nobel Mendy,108,0,0,0
Gideon Mensah,2280,4,1,0
Alex Meret,3005,0,0,0
Mikel Merino,1586,38,2,7
Quentin Merlin,1589,26,3,1
Víctor Meseguer,418,6,0,0
Rafik Messali,456,4,1,0
Junior Messias,847,17,1,1
Connor Metcalfe,358,6,0,0
Karol Mets,900,3,0,0
Thomas Meunier,1928,28,0,2
Alexander Meyer,180,0,0,0
Shumaira Mheuka,1,1,0,0
Lucas Michal,117,3,0,0
Florian Micheler,32,0,0,0
Miguel,1724,33,3,1
Valentin Mihaila,1288,31,3,0
Georges Mikautadze,1449,52,6,11
Igor Miladinović,26,0,0,0
Nikola Milenković,3330,29,2,5
Lewis Miley,313,3,0,1
Vanja Milinković-Savić,3330,0,0,0
Éder Militão,938,10,1,1
Luis Milla,2875,31,4,1
Pere Milla,456,11,0,3
Enzo Millot,1843,43,5,6
James Milner,170,2,0,0
Kim Min-jae,2283,7,0,2
Yerry Mina,2569,26,0,1
Takumi Minamino,2231,57,3,6
Lucas Mincarelli,715,7,0,1
Tyrone Mings,1120,9,0,0
Óscar Mingueza,2729,33,6,4
Kim Minsu,22,0,0,0
Yankuba Minteh,1838,34,4,6
Bojan Miovski,869,14,1,2
Rafa Mir,753,27,2,1
Juan Miranda,2277,22,6,0
Fabio Miretti,1677,24,3,3
Tyrick Mitchell,3092,12,5,0
Kaoru Mitoma,2603,57,4,10
Maximilian Mittelstädt,2469,21,7,1
Koji Miyoshi,464,12,0,1
Henrikh Mkhitaryan,2328,23,4,1
Jakub Moder,11,0,0,0
Rui Modesto,608,3,1,0
Luka Modrić,1827,22,6,2
Max Moerstedt,451,12,0,0
Terem Moffi,58,6,0,1
Mostafa Mohamed,1252,43,0,5
Johan Mojica,2755,17,2,1
David Mokwa,22,2,0,0
Alberto Moleiro,2714,68,1,6
Nahuel Molina,1590,9,3,0
Florent Mollet,242,6,0,0
Jon Moncayola,2099,21,0,0
Jeremy Monga,112,3,0,0
Gonzalo Montiel,113,1,0,0
Lorenzo Montipò,3240,0,0,0
Mikey Moore,366,3,1,0
Álvaro Morata,1099,27,0,5
Morato,907,2,0,0
Diego Moreira,2568,25,7,2
Alberto Moreno,1727,14,0,0
Álex Moreno,955,6,1,0
Gerard Moreno,721,23,2,3
Matias Moreno,144,0,0,0
Xavier Moreno,45,0,0,0
Tete Morente,2021,41,2,3
Mateu Morey,741,3,0,0
Ilaix Moriba,2132,34,1,1
Manu Morlanes,1338,11,0,0
Nikola Moro,1208,14,2,0
Raúl Moro,2341,46,5,4
Sam Morsy,2751,13,1,1
Gabriel Moscardo,84,2,0,0
Cristhian Mosquera,3319,5,0,1
Daniel Mosquera,1375,57,1,5
Yerson Mosquera,441,2,0,0
Dany Mota,2104,42,2,5
Yael Mouanga,946,1,0,0
Aimen Moueffek,1039,10,1,0
Youssoufa Moukoko,204,6,1,2
Steve Mounié,347,22,0,1
Mason Mount,622,20,0,1
Santiago Mouriño,1849,13,1,0
Louis Mouton,1045,19,1,0
Divin Mubama,28,1,0,0
Mykhailo Mudryk,151,1,0,0
Ngal'Ayel Mukau,1190,11,1,0
Nordi Mukiele,899,7,0,1
Florian Müller,753,0,0,0
Kevin Müller,2939,0,0,0
Marius Müller,475,0,0,0
Thomas Müller,1225,30,4,1
Abdul Mumin,2017,10,1,2
Marshall Munetsi,1078,22,1,2
Marshall Munetsi,1692,32,2,4
Rodrigo Muniz,964,39,1,8
Aihen Muñoz,1098,6,0,0
Álex Muñoz,1415,9,0,3
Daniel Muñoz,3228,37,5,4
Iker Muñoz,610,11,1,0
Javier Muñoz,2588,25,3,1
Víctor Muñoz,36,1,0,0
Arijanet Muric,1620,0,0,0
Murillo,3188,25,0,2
Vedat Muriqi,2058,52,2,7
Jacob Murphy,2360,43,12,8
Bob Murphy Omoregbe,3,0,0,0
Yunus Musah,1571,22,2,0
Jamal Musiala,1798,68,2,12
Florent Muslija,168,3,0,0
Almoatasem Al Musrati,386,11,1,1
Juan Musso,90,0,0,0
Juan Musso,180,0,0,0
Kingstone Mutandwa,127,4,0,0
Junior Mwanga,952,16,2,1
Junior Mwanga,296,0,0,0
Phillipp Mwene,2607,21,4,1
Vitaliy Mykolenko,3082,14,2,1
Joakim Mæhle,2188,18,4,3
Obite N'Dicka,3420,18,1,0
Konan N'dri,306,9,0,0
Loïc N'Gatta,13,0,0,0
Nathan N'Goumou,828,24,1,2
Djylian N'Guessan,181,3,0,0
Stanley N'Soki,1308,3,0,0
Mickael Nade,2306,5,2,1
Bilal Nadir,383,8,0,1
Mahamadou Nagida,430,6,0,2
Keito Nakamura,2649,84,2,11
Sebastian Nanasi,2107,28,4,6
Yael Nandjou,154,1,0,0
Nikolas Nartey,22,0,0,0
Matija Nastasić,2110,2,0,1
Natan,2175,9,1,1
Pau Navarro,916,1,0,0
Roberto Navarro,1278,18,0,1
Jesús Navas,424,3,0,1
Michel Ndary Adopo,2409,20,1,1
Youssouf Ndayishimiye,1932,11,0,3
Iliman Ndiaye,2430,35,0,9
Junior Ndiaye,441,5,0,0
Rassoul Ndiaye,1061,18,0,1
Wilfred Ndidi,2324,22,5,0
Wilfried Ndollo,401,0,0,0
Tanguy Ndombele,1131,11,2,1
Cher Ndour,406,4,0,0
Dan Ndoye,2143,50,4,8
Paul Nebel,2345,44,4,10
Kosta Nedeljković,126,0,0,0
Kosta Nedeljković,479,4,0,0
Loïc Nego,2459,11,0,0
Ivan Nekić,71,0,0,0
Reiss Nelson,3,0,0,0
Reiss Nelson,487,12,1,1
Victor Nelsson,187,1,0,0
David Nemeth,2137,5,1,0
David Neres,1283,29,4,2
Neto,180,0,0,0
Pedro Neto,2269,59,6,4
Luca Netz,969,3,2,0
Manuel Neuer,1980,0,0,0
Florian Neuhaus,382,9,1,0
João Neves,1844,28,8,3
Yvan Neyou,2312,16,1,1
Cyril Ngonge,216,13,0,0
Mikayil Ngor Faye,688,6,0,0
Steve Ngoura,289,10,0,0
Bernard Nguene,13,0,0,0
Moussa Niakhate,2726,2,0,0
Abdoulaye Niakhate Ndiaye,1707,11,0,1
Ibrahima Niane,943,29,1,3
Tanguy Nianzou,518,2,0,0
Rasmus Nicolaisen,623,5,1,0
Moritz Nicolas,1639,0,0,0
Hans Nicolussi Caviglia,2861,53,2,4
Julian Niehues,154,2,0,0
Oliver Nielsen,35,0,0,0
Saúl Ñíguez,1553,42,6,1
Eybi Nije,394,9,0,1
Tamás Nikitscher,858,2,0,0
Adrian Niño,12,2,0,0
Justin Njinmah,952,31,2,3
Eddie Nketiah,1034,43,1,3
Niels Nkounkou,382,4,0,0
Christopher Nkunku,921,25,2,3
Felix Nmecha,1509,18,1,4
Lukas Nmecha,467,20,0,3
Arnaud Nordin,1166,26,1,4
Arnaud Nordin,80,1,0,0
Brooke Norton-Cuffy,719,5,0,0
Tijjani Noslin,861,19,2,2
Hugo Novoa,237,1,0,0
Plamedi Nsingi,16,1,0,0
Randy Nteka,1129,16,0,3
Ernest Nuamah,1052,28,1,3
Alexander Nübel,3060,0,1,0
Gustavo Nunes,12,0,0,0
Matheus Nunes,1674,9,6,1
Darwin Núñez,1133,34,2,5
Unai Núñez,645,1,0,0
Antonio Nusa,1558,24,3,3
Ethan Nwaneri,895,24,2,4
Ørjan Nyland,2673,0,0,0
Allan Nyom,887,9,2,1
Rabby Nzingoula,1689,19,0,1
M'Bala Nzola,1460,47,1,6
Marwann Nzuzi,125,2,0,0
Christian Nørgaard,2819,39,4,5
Jake O'Brien,1571,6,0,2
Matt O'Riley,938,21,2,2
Dara O'Shea,3122,22,2,0
Adam Obert,1077,9,1,1
Chidozie Obi-Martin,165,5,0,0
Jan Oblak,3240,0,0,0
Lucas Ocampos,175,4,1,0
Jens Odgaard,1952,49,1,6
Wilson Odobert,850,13,0,1
David Odogu,195,2,0,0
Álvaro Odriozola,43,0,0,0
Tim Oermann,2213,9,2,0
Chiedozie Ogbene,238,0,0,0
Ifechukwu Ogbus,19,0,0,0
Thiago Ojeda,8,1,0,0
Hamzat Ojediran,416,10,0,1
Noah Okafor,414,13,0,1
Noah Okafor,40,1,0,0
Caleb Okoli,1125,4,0,1
Yllan Okou,2,0,0,0
Maduka Okoye,2250,0,0,0
Joseph Okumu,1695,12,0,1
Aingeru Olabarrieta,54,0,0,0
Kazeem Olaigbe,299,6,2,0
Olasagasti,857,13,1,1
Ben Old,528,11,0,0
Finn Ole Becker,670,4,1,0
Michael Olise,2334,86,15,12
Brian Oliván,1017,6,1,0
Lucas Oliveira Rosa,1890,8,1,0
Mathías Olivera,2370,16,2,0
Dani Olmo,1212,40,3,10
Robin Olsen,226,0,0,0
Warmed Omari,8,0,0,0
Becir Omeragic,1799,7,0,0
Jonas Omlin,978,0,0,0
Andrew Omobamidele,539,0,0,0
Ado Onaiwu,957,23,1,4
Amadou Onana,1617,17,0,3
André Onana,3060,0,0,0
Jean Onana,304,1,0,0
Jacob Ondrejka,422,14,0,5
Karim Onisiwo,110,3,0,0
Paul Onuachu,1050,34,1,4
Frank Onyeka,25,0,0,0
Frank Onyeka,2586,24,1,0
Loïs Openda,2453,77,5,9
Christopher Operi,1169,7,2,0
Fredrik Oppegard,273,3,0,0
Victor Orakpo,36,2,0,0
Ike Orazi,3,0,0,0
Gift Orban,186,4,0,2
Gift Orban,687,11,0,4
Willi Orban,2222,22,0,5
Ivan Ordets,1861,11,0,0
Lewis Orford,49,1,0,0
Gaetano Oristanio,2315,44,3,3
Aimar Oroz,2966,47,4,5
Riccardo Orsolini,1878,72,4,15
Stefan Ortega,1100,0,0,0
Ángel Ortíz,353,2,1,0
Gabriel Osei Misehouy,257,6,0,1
Gabriel Osho,1654,7,0,1
Yordan Osorio,172,1,0,0
Patrick Osterhage,2267,21,0,1
William Osula,134,4,0,1
Jibril Othman,5,0,0,0
Sebastian Otoa,179,0,0,0
David Otorbi,14,0,0,0
Dango Ouattara,2005,62,4,7
Guimissongui Ouattara,471,5,1,1
Kassoum Ouattara,391,2,1,0
Remi Oudin,299,3,0,0
Assan Ouedraogo,50,1,0,0
Zinédine Ould Khaled,343,1,0,0
Cheick Oumar Conde,151,1,0,0
Jesús Owono,487,0,0,0
Beres Owusu,90,0,0,0
Elisha Owusu,2344,7,3,1
Mikel Oyarzabal,2250,39,3,9
Daniel Oyegoke,103,1,0,0
Salih Özcan,353,2,0,0
Salih Özcan,391,4,0,0
Cenk Özkacar,757,2,0,0
Nico O’Reilly,528,8,0,2
Jon Pacheco,854,1,0,0
Willian Pacho,2132,4,1,0
Daniele Padelli,90,0,0,0
Alex Padilla,321,0,0,0
Simone Pafundi,116,2,0,0
Exequiel Palacios,1155,13,6,1
Tomás Palacios,446,1,0,0
Tomás Palacios,11,0,0,0
Isaac Palazón Camacho,2162,61,4,4
Alberto Paleari,90,0,0,0
Marco Palestra,222,0,0,0
João Palhinha,673,10,0,0
Nicolas Pallois,2017,3,2,0
Matteo Palma,5,0,0,0
Alex Palmer,1170,0,0,0
Cole Palmer,3191,121,8,15
Emerson Palmieri,2113,16,1,2
Mats Pannewig,267,9,0,0
Lucas Paquetá,2380,39,0,4
Aitor Paredes,1812,6,0,3
Kevin Paredes,123,4,1,0
Leandro Paredes,1373,24,1,3
Daniel Parejo,2273,12,3,3
Iago Parente,71,0,0,0
Fabiano Parisi,1049,8,0,2
Thomas Partey,2797,26,2,4
Mario Pašalić,1967,45,4,3
Álvaro Pascual,408,11,0,1
Felix Passlack,2334,26,6,1
Patric,607,2,0,1
Rui Patrício,270,0,0,0
Nathan Patterson,347,1,1,0
Benjamin Pavard,1584,8,1,0
Aleksandar Pavlovic,1451,9,0,1
Strahinja Pavlović,1864,17,1,2
Leonardo Pavoletti,445,18,0,2
Martín Payero,1381,31,1,1
Nicolas Pays,447,11,0,0
Nicolás Paz,2687,109,8,6
Mads Pedersen,235,2,0,0
Marcus Pedersen,1362,8,0,0
Alfonso Pedraza,460,5,2,0
Pedri,2879,25,5,4
Pedro,1102,37,1,10
Kévin Pedro,10,0,0,0
Adrià Pedrosa,2298,24,1,1
Jordan Pefok,380,11,0,1
Jordan Pefok,908,23,1,0
Pejiño,16,1,0,0
Pietro Pellegri,414,8,0,3
Lorenzo Pellegrini,1626,41,1,2
Luca Pellegrini,1067,13,4,0
Mateo Pellegrino,737,22,1,3
Théo Pellenard,45,0,0,0
Andy Pelmard,129,0,0,0
Andy Pelmard,205,1,0,0
Timothee Pembele,1113,8,0,1
Faris Pemi Moumbagna,8,0,0,0
Iñaki Peña,1396,0,0,0
Rubén Peña,775,10,0,0
Nicolas Pépé,1500,38,6,3
Peque,1134,19,1,1
Sergiu Perciun,152,2,0,0
Óscar Perea,14,1,0,0
Andreas Pereira,2013,38,4,2
Mathias Pereira Lage,1571,36,7,2
Pedro Pereira,2665,13,3,1
Ricardo Pereira,388,2,0,0
Gastón Pereiro,31,0,0,0
Daniel Peretz,270,0,0,0
Ayoze Pérez,1970,75,2,19
Carles Pérez,1431,34,0,3
Francisco Perez,570,6,0,0
Kike Pérez,1114,13,0,1
Kike Pérez,1191,20,0,2
Luis Pérez,2558,5,0,0
Nehuén Pérez,180,0,0,0
Simone Perilli,180,0,0,0
Mattia Perin,450,0,0,0
Romain Perraud,2002,20,2,2
Lucas Perri,2970,0,0,0
Gaëtan Perrin,2691,59,11,10
Máximo Perrone,1857,10,3,0
Noah Pesch,6,0,0,0
Matteo Pessina,854,3,0,0
Andrea Petagna,335,4,0,0
Prosper Peter,27,0,0,0
Léo Pétrot,2634,7,3,0
Đorđe Petrović,2790,0,0,0
Giuseppe Pezzella,2878,15,3,0
Valentín Pezzolesi,6,0,0,0
Luca Philipp,540,0,0,0
Maximilian Philipp,17,1,0,0
Kalvin Phillips,1237,11,0,0
Jaden Philogene Bidace,332,7,0,0
Jaden Philogene Bidace,474,12,0,2
Pica,499,4,0,0
Roberto Piccoli,3127,97,1,10
Benedikt Pichler,785,20,2,1
Jordan Pickford,3420,0,1,0
Amos Pieper,1498,7,0,0
Marvin Pieringer,2206,57,4,7
Nicholas Pierini,83,1,0,0
Santiago Pierotti,1937,32,2,4
Balthazar Pierret,1723,6,0,0
Andrea Pinamonti,2850,78,1,10
Ethan Pinnock,1913,10,0,2
Yeremi Pino,1934,29,7,4
Nicola Pintus,4,0,0,0
Niccolò Pisilli,1227,27,1,2
Damián Pizarro,16,0,0,0
Semuel Pizzignacco,736,0,0,0
Alassane Pléa,1902,41,4,11
Tommaso Pobega,1178,24,2,2
Daniel Podence,48,1,0,0
Joel Pohjanpalo,1603,34,0,6
Matteo Politano,2804,56,4,3
Alfie Pond,1,0,0,0
Marin Pongračić,1292,2,0,0
Nick Pope,2520,0,0,0
Finn Porath,1970,29,3,2
Pedro Porro,2610,39,6,2
Portu,779,8,2,1
Stefan Posch,714,2,0,0
Stefan Posch,387,3,0,0
Tom Pouilly,273,5,0,0
Yussuf Poulsen,378,15,0,2
Beñat Prados,1715,16,0,1
Alexander Prass,1566,12,1,0
Matteo Prati,570,4,0,0
Abdón Prats,456,13,0,2
David Preu,121,2,0,0
Grischa Prömel,174,0,0,0
Ivan Provedel,2610,0,0,0
Ivan Prtajin,161,8,0,0
Javi Puado,2974,66,4,12
Tymoteusz Puchacz,396,4,1,0
Diego Pugno,7,0,0,0
Christian Pulisic,2478,53,9,11
Jarell Quansah,495,1,0,0
Leopold Querfeld,1747,16,2,2
Dani Raba,1879,39,6,8
Adrien Rabiot,2485,48,4,9
Ionuț Radu,1350,0,0,0
Hamza Rafia,1058,10,0,0
Hákon Rafn Valdimarsson,145,0,0,0
Arnau Rafús,90,0,0,0
Antonio Raillo,3207,35,0,2
Antonio Raimondo,94,1,0,0
Ylber Ramadani,1807,17,1,1
Benito Ramírez,478,10,0,0
Sandro Ramírez,2034,51,3,9
Jacobo Ramón,204,2,0,1
Gonçalo Ramos,1066,52,3,10
Aaron Ramsdale,2700,0,0,0
Jacob Ramsey,1623,19,3,1
Luca Ranieri,2981,10,3,0
Grant Ranos,20,0,0,0
Lilian Raolisoa,1318,14,3,0
Raphinha,2839,112,9,18
Marcus Rashford,978,16,1,4
Marcus Rashford,444,18,2,2
Giacomo Raspadori,1103,42,1,6
Andrei Ratiu,3065,31,3,2
Raúl,750,25,0,4
David Raum,1783,9,5,1
Federico Ravaglia,1056,0,0,0
Rayan Raveloson,724,16,0,1
David Raya,3420,0,0,0
Abderrahman Rebbach,385,6,0,0
Ante Rebić,788,13,0,1
Harrison Reed,108,3,0,0
Remy Rees-Dottin,1,0,0,0
Sergio Reguilón,196,2,0,0
Tijjani Reijnders,3128,77,4,10
Pepe Reina,1034,0,0,0
Vitor Reis,1,0,0,0
Rocco Reitz,1830,23,1,2
Nicolai Remberg,2417,24,1,0
Álex Remiro,3240,0,0,0
Devyne Rensch,469,3,1,0
Daniel Requena,10,0,0,0
Guillaume Restes,2543,0,1,0
Mateo Retegui,2383,99,8,25
Elvis Rexhbeçaj,1785,29,1,1
Gio Reyna,350,3,0,2
Chadi Riad,90,0,0,0
Alexsandro Ribeiro,2700,21,1,1
Samuele Ricci,2825,22,1,1
Declan Rice,2825,48,7,4
Chris Richards,1922,12,0,1
Amir Richardson,1024,11,1,1
Richarlison,504,17,1,4
Diego Rico,2819,16,3,0
Fabian Rieder,867,20,3,1
Lasse Rieß,180,0,0,0
Luis Rioja,23,0,0,0
Luis Rioja,2831,28,3,5
Rodrigo Riquelme,516,14,1,0
Alberto Risco,69,4,0,0
Mihailo Ristić,429,2,1,0
Lars Ritzka,922,8,0,1
Gorka Rivera Alonso,20,0,0,0
Sergi Roberto,696,6,1,0
Andrew Robertson,2482,15,1,0
Antonee Robinson,3167,16,10,0
Jay Robinson,137,1,0,0
Marc Roca,906,12,2,2
Rodri,73,0,0,0
Rodri,118,2,0,0
Adrian Rodriguez,122,0,0,0
Alejandro Rodriguez,20,0,0,0
Álvaro Rodríguez,852,25,0,2
Óscar Rodríguez Arnaiz,1330,33,4,1
Arturo Rodríguez,21,0,0,0
Damián Rodríguez,927,4,0,0
Dani Rodríguez,2162,31,7,4
Daniel Rodriguez,37,2,0,0
Guido Rodríguez,1149,8,1,0
James Rodríguez,140,4,0,0
Javi Rodríguez,2514,12,2,3
Jesus Rodríguez,1111,23,0,2
Kirian Rodríguez,1758,21,3,0
Ricardo Rodríguez,1274,5,1,0
Rodrygo,1928,54,5,6
Mads Roerslev,1101,5,2,0
Mads Roerslev,298,0,0,0
Morgan Rogers,3114,55,10,8
Merlin Röhl,965,12,1,0
Alessio Romagnoli,2672,20,0,2
Leo Román,630,0,0,0
Carlos Romero,2554,29,1,2
Cristian Romero,1416,16,0,1
Isaac Romero,2156,53,2,4
Luka Romero,199,1,0,0
Oriol Romeu,1356,5,0,0
Valentin Rongier,1562,14,1,3
Marten de Roon,3058,14,4,4
Vitor Roque,1235,41,0,4
Pablo Rosario,1775,16,1,3
Lasse Rosenboom,1734,12,2,2
Max Rosenfelder,1249,5,0,1
Valentin Rosier,2595,14,2,1
Tom Rothe,1670,23,3,3
Anthony Rouault,972,7,0,0
Anthony Rouault,1212,5,0,1
Jonas Rouhi,210,0,0,0
Jérôme Roussillon,136,2,0,0
Nicolò Rovella,2718,28,3,0
Jon Rowe,807,36,3,3
Amir Rrahmani,3406,28,3,1
Tommaso Rubino,8,0,0,0
Antonio Rüdiger,2291,24,0,0
Matteo Ruggeri,1751,3,3,0
Aitor Ruibal,1313,16,3,1
Abel Ruiz,1346,21,0,4
Ferrán Ruiz,18,0,0,0
Fabián Ruiz Peña,1923,43,5,4
Gerónimo Rulli,3060,0,0,0
Georginio Rutter,1656,50,3,5
Mathew Ryan,1260,0,0,0
Julian Ryerson,2259,18,3,2
Frederik Rønnow,2520,1,0,0
José Sá,2609,0,0,0
Elias Saad,900,26,2,3
Youssouf Sabaly,1581,5,1,0
Emmanuel Sabbi,653,15,0,0
Stefano Sabelli,2058,6,2,0
Marcel Sabitzer,1616,21,0,1
Falaye Sacko,1233,0,1,0
Umar Sadiq,825,20,0,5
Umar Sadiq,227,5,0,0
Alexis Saelemaekers,1389,25,3,7
Alexis Saelemaekers,90,0,0,0
Jorge Sáenz,1690,8,0,1
Matvei Safonov,879,0,0,0
Modibo Sagnan,2141,11,0,2
Richie Sagrado,140,1,0,0
Osame Sahraoui,1293,23,3,3
Wesley Saïd,905,17,0,3
Théo Sainte-Luce,1018,8,0,1
Bukayo Saka,1729,66,10,6
Faik Sakar,1,0,0,0
Marco Sala,261,0,0,0
Marco Sala,72,0,0,0
Ibrahim Salah,358,13,1,1
Mohamed Salah,3371,121,18,29
Anass Salah-Eddine,152,2,1,0
Amine Salama,373,9,0,0
Jan Salas,43,2,0,0
Kike Salas,2238,23,2,3
Manolis Saliakas,2314,29,1,2
William Saliba,3039,6,0,2
Mohammed Salisu,1023,8,0,1
Roland Sallai,46,3,0,0
Yoann Salmier,797,5,0,0
Lazar Samardzic,1169,33,1,2
Diadie Samassékou,290,3,0,0
Mama Samba Baldé,33,1,0,0
Mama Samba Baldé,1149,29,3,2
Brice Samba,1529,0,0,0
Brice Samba,1350,0,0,0
Albert Sambi Lokonga,1471,13,2,0
Junior Sambia,387,10,0,0
Chuky san jose,728,16,0,2
Antonio Sanabria,1318,18,1,2
Oihan Sancet,1620,47,1,15
Alexis Sánchez,437,7,0,0
Antonio Sánchez,1395,17,0,0
Iván Sánchez,1404,15,1,2
Javi Sánchez,2026,11,0,2
Juanlu Sánchez,1722,13,4,4
Manu Sánchez,2634,12,0,1
Robert Sánchez,2880,0,0,0
Jadon Sancho,1764,24,4,3
Philipp Sander,1400,18,0,1
James Sands,453,1,0,0
Leroy Sané,1637,67,5,11
Arouna Sangante,1244,7,0,3
Ibrahim Sangaré,590,1,1,0
Nhoa Sangui,1158,3,2,0
Maroan Sannadi,754,19,1,1
Kaishu Sano,3043,20,0,0
Morgan Sanson,235,9,0,3
Nicola Sansone,65,3,0,0
Baptiste Santamaria,927,16,0,0
Baptiste Santamaria,482,4,1,0
Jesús Santiago,372,1,0,0
Andrey Santos,2855,46,3,10
Kauã Santos,765,0,0,0
Tiago Santos,404,8,0,0
Pablo Sarabia,814,17,2,3
Jeremy Sarmiento,9,0,0,0
Amin Sarr,1907,23,1,4
Ismaila Sarr,2711,59,6,8
Malang Sarr,1385,6,0,0
Mamadou Sarr,2365,5,1,0
Martin Satriano,88,5,0,0
Razvan Sava,1080,0,0,0
Téji Savanier,2363,45,5,2
Sávio,1766,55,8,1
Nicolò Savona,1724,6,1,2
Saba Sazonov,3,0,0,0
Joe Scally,2578,6,0,0
Giorgio Scalvini,272,4,0,0
Gianluca Scamacca,6,1,0,0
Oliver Scarles,665,3,0,0
Dane Scarlett,34,1,1,0
Kevin Schade,2293,55,2,11
András Schäfer,1534,12,1,1
Fabian Schär,2934,40,0,4
Patrik Schick,1684,68,0,21
Stefan Schimmer,247,10,0,0
Joël Schingtienne,1122,0,0,0
Xaver Schlager,181,1,0,0
Keven Schlotterbeck,1297,12,1,3
Nico Schlotterbeck,1982,17,4,0
Jeffrey Schlupp,103,4,0,0
Romano Schmid,2834,47,4,5
Niklas Schmidt,205,3,1,0
Jan Schöppner,2681,41,3,4
Marvin Schulz,306,3,0,0
Alexander Schwolow,540,0,0,0
Léo Scienza,1153,38,3,3
Alex Scott,755,15,0,0
Simone Scuffet,1170,0,0,0
Simone Scuffet,90,0,0,0
Jérémy Sebas,190,6,0,0
Aleksandar Sedlar,594,1,0,0
Jacopo Seghetti,90,0,0,0
Alidu Seidu,803,3,0,0
Nicolas Seiwald,2084,5,0,0
Hiroki Sekine,887,5,0,0
Matz Sels,3420,0,0,0
Nélson Semedo,2886,18,4,0
Antoine Semenyo,3203,125,5,11
Marvin Senaya,227,1,0,0
Marcos Senesi,1106,3,0,0
Stefano Sensi,274,6,0,1
Suat Serdar,1376,30,1,2
Sergi,2957,13,0,2
Nicolás Serrano,112,5,0,0
Benjamin Šeško,2380,66,5,13
Ryan Sessegnon,580,14,2,4
Stephan El Shaarawy,1098,28,4,3
Luke Shaw,349,1,0,0
Alen Sherri,621,0,0,0
Eldor Shomurodov,1097,29,4,4
Djibril Sidibé,2101,5,3,0
Armindo Sieb,762,29,2,2
Benjamin Siegrist,152,0,0,0
Vincent Sierro,2402,30,1,5
Tim Siersleben,1182,4,0,0
Zain Silcott-Duberry,1,0,0,0
Kiliann Sildillia,801,7,0,2
André Silva,375,12,0,1
André Silva,132,7,2,1
Bernardo Silva,2670,32,4,4
Caio Henrique Oliveira Silva,1929,4,6,0
Fábio Silva,1866,46,3,10
Jota Silva,854,23,1,3
Eric da Silva Moreira,30,0,0,0
Rui Silva,1350,0,0,0
Marco Silvestri,450,0,0,0
Abdallah Sima,1238,37,2,7
Mohamed Simakan,54,0,0,0
Giovanni Simeone,419,13,1,1
Giuliano Simeone,1926,22,6,2
Moses Simon,2609,40,10,8
Unai Simón,1890,0,0,0
Xavi Simons,2150,50,6,10
Jahmai Simpson-Pusey,96,0,0,0
Danel Sinani,1250,35,2,2
Lassine Sinayoko,2299,60,8,5
Wilfried Singo,2096,17,2,1
Luis Sinisterra,236,13,1,1
Daley Sinkgraven,91,0,0,0
Tobias Sippel,59,0,0,0
Jailson Siqueira,614,4,0,0
Ayanda Sishuba,3,0,0,0
Ibrahim Sissoko,819,21,1,3
Ibrahima Sissoko,2610,25,1,2
Niama Sissoko,47,3,0,0
Antonio Sivera,2810,0,0,0
Tim Skarke,1164,20,2,0
Ellyes Skhiri,2231,13,2,1
Oliver Skipp,1129,5,0,0
Leo Skiri Østigård,1227,6,0,1
Leo Skiri Østigård,927,5,0,0
Łukasz Skorupski,2364,0,0,0
Andreas Skov Olsen,535,7,1,1
Robert Skov,852,16,2,2
Milan Škriniar,382,3,0,0
Steven Skrzybski,1323,32,3,6
Naatan Skyttä,5,0,0,0
William Smallbone,690,7,0,1
Adam Smith,1590,3,0,0
Eric Smith,2827,24,1,1
Justin Smith,209,0,0,0
Emile Smith Rowe,2043,37,3,6
Ivan Smolčić,630,7,0,0
Eduard Sobol,95,0,0,0
Simon Sohm,2989,34,0,4
Alex Sola,1029,15,1,0
Arnau Solà,13,0,0,0
Dominic Solanke,2201,59,3,9
Ola Solbakken,760,4,0,0
Carlos Soler,1409,25,1,1
Julio Soler,11,0,0,0
Oumar Solet,1672,12,2,1
Jhon Solis,535,4,0,1
Daniele Sommariva,28,0,0,0
Yann Sommer,2880,0,0,0
David Soria,3420,0,0,0
Juan Soriano,540,0,0,0
Borna Sosa,1181,4,0,0
Ramón Sosa,295,11,0,1
Hugo Sotelo,1254,4,0,0
Florian Sotoca,1794,47,1,1
Riccardo Sottil,833,22,1,1
Riccardo Sottil,123,2,0,0
Tomáš Souček,2567,55,1,9
Matìas Soulé,1781,42,5,5
Boubakary Soumaré,2171,7,0,0
Issa Soumaré,1902,43,4,5
Djibril Sow,2062,22,1,2
Saidou Sow,1018,4,1,0
Saidou Sow,799,5,0,1
Djed Spence,1792,10,2,1
Leonardo Spinazzola,1517,12,1,1
Marco Sportiello,126,0,0,0
Anton Stach,2585,35,2,1
Jens Stage,2204,44,5,10
Josip Stanišić,876,2,2,0
Filip Stankovic,1367,0,0,0
Jay Stansfield,1,0,0,0
Carl Starfelt,2270,5,0,1
Niklas Stark,2106,12,1,0
Lucas Stassin,1887,44,4,12
Jason Steele,180,0,0,0
Orri Steinn Óskarsson,944,19,0,3
Pascal Stenzel,290,8,0,0
Jack Stephens,1389,4,0,1
Leonidas Stergiou,852,3,2,1
Raheem Sterling,499,11,2,0
Enzo Sternal,24,0,0,0
Finley Stevens,1,0,0,0
Ross Stewart,389,9,0,1
Angelo Stiller,2741,21,8,1
Kevin Stöger,1551,24,3,3
Stoichkov,699,18,1,0
Petar Stojanović,3,0,0,0
Jakub Stolarczyk,900,0,0,0
John Stones,548,2,0,2
Jørgen Strand Larsen,2587,54,4,14
Gabriel Strefezza,2619,58,4,6
Cristhian Stuani,1078,31,2,11
Álex Suárez,2460,6,0,0
Denis Suárez,608,10,1,1
Gabriel Suazo,2163,7,6,0
Luka Sučić,1792,43,1,1
Yukinari Sugawara,1557,14,1,1
Niklas Süle,1053,9,0,0
Ibrahim Sulemana,283,5,0,2
Kamaldeen Sulemana,1402,29,1,1
Crysencio Summerville,786,14,1,1
Tomáš Suslov,2080,32,1,0
Suso,606,16,2,0
Zion Suzuki,3314,0,0,0
Mattias Svanberg,1219,21,1,3
Daniel Svensson,781,6,3,1
Marin Šverko,1117,3,0,1
Mile Svilar,3420,1,0,0
Michael Svoboda,1314,4,0,1
Williot Swedberg,1348,32,5,4
Abakar Sylla,950,5,0,1
Issiaga Sylla,1156,11,0,1
Mamadou Sylla,1583,18,1,5
Wojciech Szczęsny,1350,0,0,0
Sammie Szmodics,992,21,0,4
Dominik Szoboszlai,2491,67,6,6
Alexander Sørloth,1566,78,2,20
Musa Al-Taamari,1116,27,1,2
Musa Al-Taamari,567,14,0,1
Haris Tabakovic,821,30,1,3
Nicolás Tagliafico,1902,28,1,3
Jonathan Tah,2970,24,0,3
Adrien Tameze,649,7,0,0
Axel Tapé,180,1,0,0
Renato Tapia,2424,14,0,1
Edmond Tapsoba,2507,21,0,0
Florian Tardieu,1252,16,4,2
Mehdi Taremi,807,13,2,1
Matt Targett,21,0,0,0
Oussama Targhalline,990,5,0,0
James Tarkowski,2922,15,1,1
César Tárrega,3026,20,0,2
Nuno Tavares,1686,28,8,0
Marcus Tavernier,1939,57,5,3
Charlie Taylor,356,0,0,0
Jack Taylor,860,19,0,1
Loum Tchaouna,660,23,0,1
Jackson Tchatchoua,3167,18,3,2
Enzo Tchato,1899,4,0,0
Aurélien Tchouaméni,2689,19,0,0
Álvaro Tejero,1238,17,4,1
Martín Tejón,49,1,0,0
Mathys Tel,911,22,1,2
Mathys Tel,256,10,1,0
Nathan Tella,1359,28,4,2
Nahuel Tenaglia,2922,27,1,2
Arnau Tenas,90,0,1,0
Casper Tengstedt,1517,37,1,6
Marc-André ter Stegen,674,0,0,0
Filippo Terracciano,539,3,0,0
Pietro Terracciano,270,0,0,0
Ramón Terrats,131,2,0,0
Ramón Terrats,1219,19,1,4
Martin Terrier,584,16,1,2
Tanner Tessmann,1234,18,0,1
Kenny Tete,1774,24,2,0
Teddy Teuma,750,13,0,1
Jordan Teze,569,5,0,1
Florian Thauvin,1956,51,3,8
Arthur Theate,2704,36,0,0
Norman Theuerkauf,22,1,0,0
Thiago,175,2,0,0
Malick Thiaw,1806,7,0,0
Denis Thomalla,4,0,0,0
Luke Thomas,1110,5,0,0
Sorba Thomas,1321,9,3,1
Adrien Thomasson,2615,41,7,3
Morten Thorsby,1898,15,1,0
Khéphren Thuram,2326,36,5,4
Marcus Thuram,2200,64,4,14
Cheikh Tidiane Niasse,755,3,0,0
Youri Tielemans,3026,40,7,3
Kieran Tierney,259,2,0,1
Phillip Tietz,1686,51,2,7
Jurriën Timber,2417,14,3,1
Jean-Clair Todibo,1825,5,0,0
Harry Toffolo,137,1,0,0
Umut Tohumcu,375,3,1,0
Corentin Tolisso,2329,51,4,7
John Tolkin,737,3,2,0
Rafael Tolói,468,3,0,0
Raúl de Tomás,22,0,0,0
Tiago Tomás,1884,42,1,6
Takehiro Tomiyasu,7,1,0,0
Fikayo Tomori,1593,2,1,0
Sandro Tonali,2630,35,2,4
Luka Topalović,11,0,0,0
Pablo Torre,310,6,1,3
David Torres,1387,3,0,0
Ferrán Torres,1106,48,6,10
Pau Torres,2020,8,0,0
Lucas Torró,2957,31,0,3
Lorenzo Tosto,1,0,0,0
Abdoulaye Touré,2324,38,1,10
Bazoumana Touré,609,19,3,0
Birama Touré,300,3,0,0
Ousmane Toure,6,0,0,0
Souleymane Touré,733,4,0,1
Lucas Tousart,561,9,1,0
Conor Townsend,335,1,1,0
Adama Traoré,1772,39,7,2
Boubacar Traoré,1,0,0,0
Hamari Traoré,700,1,1,0
Omar Traoré,2616,16,1,0
Kevin Trapp,2295,0,0,0
Mark Travers,450,0,0,0
Óscar Trejo,496,5,0,1
Philipp Treu,2881,19,2,0
Ryan Trevitt,4,0,0,0
Christopher Trimmel,1740,9,3,0
Kieran Trippier,1309,4,3,0
Leandro Trossard,2546,72,7,8
Adrien Truffert,2752,23,2,2
Kostas Tsimikas,837,4,1,0
Viktor Tsyhankov,1913,35,5,2
Axel Tuanzebe,1710,4,1,0
Stefano Turati,2676,0,0,0
Beñat Turrientes,942,7,0,0
Tuta,2274,13,1,2
Christantus Uche,2486,50,6,4
Destiny Udogie,1924,5,1,0
Manuel Ugarte Ribeiro,1785,19,2,1
Lesley Ugochukwu,1655,10,1,1
Lukas Ullrich,1903,8,2,1
Sven Ulreich,90,0,0,0
Enes Ünal,345,20,1,2
Deniz Undav,1726,75,3,9
Naci Ünüvar,31,1,0,0
Dayot Upamecano,1759,13,0,2
Kacper Urbanski,247,4,0,1
Kacper Urbanski,500,5,0,0
Jonas Urbig,720,0,0,0
Can Uzun,675,27,1,4
Josha Vagnoman,1834,15,1,1
Lautaro Valenti,1556,7,0,1
Óscar Valentín,1835,5,0,0
Nicolás Valentini,1129,8,0,0
Germán Valera,148,3,0,0
Emanuele Valeri,2873,26,6,2
Martin Valjent,2763,12,0,3
Álex Valle,1030,9,0,0
Jesús Vallejo,138,0,1,0
Mattia Valoti,40,0,0,0
Federico Valverde,3032,57,4,6
Ignace Van Der Brempt,1257,7,1,0
Siebe Van Der Heyden,97,1,0,0
Siebe Van Der Heyden,872,3,0,1
Virgil van Dijk,3330,27,1,3
Vanderson,2064,21,3,1
Maarten Vandevoordt,429,0,0,0
Jamie Vardy,2823,56,4,9
Ruben Vargas,671,17,1,2
Ruben Vargas,305,9,0,0
Nikola Vasilj,2969,0,0,0
Devis Vásquez,2880,0,0,0
Johan Vásquez,3041,36,0,3
Denis Vavro,2461,25,0,2
José Luis García Vayá,1742,12,2,2
Robinio Vaz,75,2,0,0
Jesus Vazquez,919,5,0,0
Lucas Vázquez,2189,15,5,1
Matías Vecino,877,16,3,2
Danilo Veiga,374,5,0,0
Renato Veiga,181,3,0,0
Renato Veiga,1093,12,1,0
Alejo Véliz,1127,19,0,1
Miloš Veljković,1029,2,1,0
Joël Veltman,1697,6,0,0
Micky van de Ven,1015,6,2,0
Lorenzo Venturino,167,4,0,2
Nikolas Veratschnig,364,7,0,0
Bart Verbruggen,3240,0,1,0
Simone Verdi,115,2,0,0
Jordan Veretout,1553,21,0,2
Arthur Vermeeren,1572,4,2,0
Yorbe Vertessen,718,27,0,1
Mikel Vesga,988,5,0,0
Jannik Vestergaard,1391,3,0,0
Ben Viadere,5,0,0,0
Guglielmo Vicario,2160,0,0,0
Carlos Vicente,3092,35,5,5
Pau Victor,319,14,1,2
Nacho Vidal,124,0,0,0
Gabriel Vidovic,4,1,0,0
Gabriel Vidovic,24,1,0,0
Fran Vieites,360,1,0,0
Sergio Viera,96,1,0,0
Samuele Vignato,470,4,0,0
Asier Villalibre,333,8,1,1
Iván Villar,360,0,0,0
Carlos Vinícius,16,1,0,0
Nicolas Viola,1267,31,1,3
Viti,1982,3,2,0
Mattia Viti,2572,11,0,1
Vitinha,1328,33,3,2
Vitinha,2042,25,1,5
Daniel Vivian,2608,18,0,4
Krapyvtsov Vladyslav,180,0,0,0
Dušan Vlahović,1784,73,4,10
Vanja Vlahović,60,1,0,0
Nikola Vlašić,2117,30,4,5
Alessandro Vogliacco,715,5,0,2
Alessandro Vogliacco,772,1,0,0
Kevin Vogt,1367,0,0,1
Mërgim Vojvoda,1105,5,0,0
Mërgim Vojvoda,717,4,2,1
Kevin Volland,61,0,0,0
Aster Vranckx,556,0,0,0
Stefan de Vrij,1636,13,0,3
Ibrahima Wadji,347,12,0,0
Robert Wagner,407,2,0,0
Elye Wahi,574,16,1,3
Elye Wahi,196,9,0,0
Hauke Wahl,2970,11,0,0
Kyle Walker,970,5,0,0
Kyle Walker,659,2,0,0
Kyle Walker-Peters,2918,20,2,0
Christian Walton,630,0,0,0
Sebastian Walukiewicz,1661,6,0,0
Sebastian Walukiewicz,180,0,0,0
Aaron Wan-Bissaka,3154,16,5,2
Paul Wanner,1771,24,2,3
Danny Ward,135,0,0,0
Joel Ward,71,0,0,0
James Ward-Prowse,1039,13,1,1
James Ward-Prowse,400,2,1,0
Kjell-Arik Wätjen,16,0,0,0
Ollie Watkins,2598,82,8,16
Timothy Weah,1638,21,2,5
Adam Webster,887,5,0,0
Julian Weigl,2881,19,2,0
Timon Weiner,2250,0,0,0
Nelson Weiper,704,22,2,3
Mitchell Weiser,2868,43,9,5
Noah Weißhaupt,1160,18,0,1
Noah Weißhaupt,80,1,0,0
Danny Welbeck,2115,59,4,10
Welington,482,3,0,0
Timo Werner,516,8,3,0
Adam Wharton,1318,13,2,0
Ben White,1198,9,2,0
Silvan Widmer,504,3,1,0
Mats Wieffer,1015,9,3,1
Mateusz Wieteska,184,1,0,0
Caleb Wiley,266,1,1,0
Iñaki Williams,2652,63,8,6
Neco Williams,2594,37,3,1
Nico Williams,1996,54,5,5
Willian,257,7,0,0
Joe Willock,1086,18,2,0
Callum Wilson,370,6,0,0
Harry Wilson,1162,43,1,6
Patrick Wimmer,1770,41,4,3
Jonas Wind,1966,38,3,9
Harry Winks,1538,10,2,0
Ben Winterburn,24,0,0,0
Florian Wirtz,2351,74,12,10
Yoane Wissa,2919,90,4,19
Dani de Wit,1153,20,1,2
Axel Witsel,852,1,1,0
Maximilian Wittek,2706,41,0,0
Marius Wolf,2144,12,3,1
Nick Woltemade,1622,46,2,12
Jeong Woo-yeong,1263,25,2,3
Chris Wood,2959,65,3,20
Nathan Wood-Gordon,773,2,0,0
Christopher Wooh,1456,10,0,0
Luke Woolfenden,1187,1,0,0
Granit Xhaka,2888,21,7,2
Lamine Yamal,2856,144,13,9
Daniel Yáñez,2,0,0,0
Erencan Yardimci,313,6,0,0
Yehor Yarmoliuk,1450,9,0,0
Ryan Yates,1915,33,1,2
John Yeboah,1226,30,1,1
Bertuğ Yıldırım,1083,19,0,1
Kenan Yıldız,2402,61,4,7
Leny Yoro,1165,5,0,0
Ashley Young,1875,6,3,1
Etienne Youte Kinkoue,2320,14,0,0
Illia Zabarnyi,3109,12,1,0
Eloge Zabi,18,0,0,0
Mattia Zaccagni,2686,46,6,8
Dan-Axel Zagadou,29,0,0,0
Yoram Zague,183,1,0,0
Wilfried Zaha,73,1,0,0
Warren Zaïre-Emery,2050,17,2,1
Miha Zajc,262,6,0,0
Denis Zakaria,2144,29,4,6
Arsen Zakharyan,73,4,0,1
Nicola Zalewski,533,5,0,0
Nicola Zalewski,435,5,1,1
Andre-Frank Zambo Anguissa,2852,44,4,6
Francesco Zampano,1639,7,2,1
Nicolò Zaniolo,343,9,0,0
Nicolò Zaniolo,356,11,2,2
Alessandro Zanoli,1711,11,0,1
Duván Zapata,587,21,0,3
Gabriele Zappa,3060,11,0,2
Davide Zappacosta,2067,39,2,4
Bryan Zaragoza,1836,42,6,1
Anass Zaroury,1405,35,2,2
Oier Zarraga,896,6,0,1
David Zec,1541,11,0,2
Jordan Zemura,1415,14,2,1
Robin Zentner,2880,1,0,0
Alessio Zerbin,1518,16,1,1
Alessio Zerbin,2,0,0,0
Kevin Zeroli,395,6,1,0
Kevin Zeroli,12,0,0,0
Cedric Zesiger,1221,10,2,0
Cedric Zesiger,522,2,0,0
Michael Zetterer,3060,0,0,0
Nathan Zeze,1512,6,0,0
Edon Zhegrova,978,23,1,4
Piotr Zieliński,980,15,2,2
Oleksandr Zinchenko,527,10,1,0
Melvin Zinga,90,0,0,0
Joshua Zirkzee,1402,28,1,3
Budu Zivzivadze,958,22,3,2
Luck Zogbé,638,8,0,0
Nadir Zortea,2713,33,2,6
Aristide Zossou,16,0,0,0
Yanis Zouaoui,976,5,2,0
Igor Zubeldia,2269,12,0,0
Martín Zubimendi,2962,24,1,2
Edhy Zuliani,9,0,0,0
Szymon Żurkowski,106,2,0,0
Martin Ødegaard,2325,48,8,3
Milan Đurić,1270,23,1,4
Milan Đurić,268,5,0,1
